event_id,event_time,event_magnitude,event_latitude,event_longitude,event_depth,mts_id,station,station_latitude,station_longitude,timestamp,dimension_E,dimension_N,dimension_Z,label
0,2004-09-28T171524,6.0,35.815,-120.37,7.9,0,CAND,35.9394,-120.4337,1096391724,-15100.0,52600.0,28100.0,large
0,2004-09-28T171524,6.0,35.815,-120.37,7.9,0,CAND,35.9394,-120.4337,1096391725,-14100.0,51900.0,23300.0,large
0,2004-09-28T171524,6.0,35.815,-120.37,7.9,0,CAND,35.9394,-120.4337,1096391726,-8500.0,51300.0,20900.0,large
0,2004-09-28T171524,6.0,35.815,-120.37,7.9,0,CAND,35.9394,-120.4337,1096391727,3500.0,37600.0,11100.0,large
0,2004-09-28T171524,6.0,35.815,-120.37,7.9,0,CAND,35.9394,-120.4337,1096391728,4700.0,48400.0,8900.0,large
0,2004-09-28T171524,6.0,35.815,-120.37,7.9,0,CAND,35.9394,-120.4337,1096391729,-28700.0,31500.0,25000.0,large
0,2004-09-28T171524,6.0,35.815,-120.37,7.9,0,CAND,35.9394,-120.4337,1096391730,33100.0,-5800.0,44400.0,large
0,2004-09-28T171524,6.0,35.815,-120.37,7.9,0,CAND,35.9394,-120.4337,1096391731,25400.0,26300.0,37700.0,large
0,2004-09-28T171524,6.0,35.815,-120.37,7.9,0,CAND,35.9394,-120.4337,1096391732,5700.0,46200.0,16899.0,large
0,2004-09-28T171524,6.0,35.815,-120.37,7.9,0,CAND,35.9394,-120.4337,1096391733,29600.0,35999.0,20400.0,large
0,2004-09-28T171524,6.0,35.815,-120.37,7.9,0,CAND,35.9394,-120.4337,1096391734,-7800.0,50100.0,20800.0,large
0,2004-09-28T171524,6.0,35.815,-120.37,7.9,0,CAND,35.9394,-120.4337,1096391735,-7600.0,45600.0,36300.0,large
0,2004-09-28T171524,6.0,35.815,-120.37,7.9,0,CAND,35.9394,-120.4337,1096391736,-2100.0,45300.0,26300.0,large
0,2004-09-28T171524,6.0,35.815,-120.37,7.9,0,CAND,35.9394,-120.4337,1096391737,2700.0,27700.0,21600.0,large
0,2004-09-28T171524,6.0,35.815,-120.37,7.9,0,CAND,35.9394,-120.4337,1096391738,-400.0,34300.0,21000.0,large
0,2004-09-28T171524,6.0,35.815,-120.37,7.9,0,CAND,35.9394,-120.4337,1096391739,-1800.0,30600.0,23000.0,large
0,2004-09-28T171524,6.0,35.815,-120.37,7.9,0,CAND,35.9394,-120.4337,1096391740,-800.0,32300.0,17800.0,large
0,2004-09-28T171524,6.0,35.815,-120.37,7.9,0,CAND,35.9394,-120.4337,1096391741,-2700.0,33600.0,20100.0,large
0,2004-09-28T171524,6.0,35.815,-120.37,7.9,0,CAND,35.9394,-120.4337,1096391742,5200.0,36900.0,24300.0,large
0,2004-09-28T171524,6.0,35.815,-120.37,7.9,0,CAND,35.9394,-120.4337,1096391743,-4000.0,29100.0,27000.0,large
0,2004-09-28T171524,6.0,35.815,-120.37,7.9,0,CAND,35.9394,-120.4337,1096391744,-4499.0,35700.0,27700.0,large
0,2004-09-28T171524,6.0,35.815,-120.37,7.9,0,CAND,35.9394,-120.4337,1096391745,-5500.0,37000.0,25400.0,large
0,2004-09-28T171524,6.0,35.815,-120.37,7.9,0,CAND,35.9394,-120.4337,1096391746,-5500.0,29600.0,22399.0,large
0,2004-09-28T171524,6.0,35.815,-120.37,7.9,0,CAND,35.9394,-120.4337,1096391747,-1600.0,30900.0,23300.0,large
0,2004-09-28T171524,6.0,35.815,-120.37,7.9,0,CAND,35.9394,-120.4337,1096391748,-2900.0,33600.0,22900.0,large
0,2004-09-28T171524,6.0,35.815,-120.37,7.9,0,CAND,35.9394,-120.4337,1096391749,-3700.0,40200.0,29900.0,large
0,2004-09-28T171524,6.0,35.815,-120.37,7.9,0,CAND,35.9394,-120.4337,1096391750,-3300.0,28600.0,27600.0,large
0,2004-09-28T171524,6.0,35.815,-120.37,7.9,0,CAND,35.9394,-120.4337,1096391751,-800.0,35000.0,28600.0,large
0,2004-09-28T171524,6.0,35.815,-120.37,7.9,0,CAND,35.9394,-120.4337,1096391752,-3800.0,34200.0,27400.0,large
0,2004-09-28T171524,6.0,35.815,-120.37,7.9,0,CAND,35.9394,-120.4337,1096391753,100.0,34300.0,25600.0,large
0,2004-09-28T171524,6.0,35.815,-120.37,7.9,0,CAND,35.9394,-120.4337,1096391754,-4100.0,31600.0,25400.0,large
0,2004-09-28T171524,6.0,35.815,-120.37,7.9,0,CAND,35.9394,-120.4337,1096391755,-8999.0,31300.0,27800.0,large
0,2004-09-28T171524,6.0,35.815,-120.37,7.9,0,CAND,35.9394,-120.4337,1096391756,-4100.0,31900.0,29400.0,large
0,2004-09-28T171524,6.0,35.815,-120.37,7.9,0,CAND,35.9394,-120.4337,1096391757,-5300.0,32200.0,29700.0,large
0,2004-09-28T171524,6.0,35.815,-120.37,7.9,0,CAND,35.9394,-120.4337,1096391758,-5500.0,30000.0,29900.0,large
0,2004-09-28T171524,6.0,35.815,-120.37,7.9,0,CAND,35.9394,-120.4337,1096391759,-5500.0,32800.0,31100.0,large
0,2004-09-28T171524,6.0,35.815,-120.37,7.9,0,CAND,35.9394,-120.4337,1096391760,-3300.0,12500.0,13100.0,large
0,2004-09-28T171524,6.0,35.815,-120.37,7.9,0,CAND,35.9394,-120.4337,1096391761,-1500.0,16700.0,14100.0,large
0,2004-09-28T171524,6.0,35.815,-120.37,7.9,0,CAND,35.9394,-120.4337,1096391762,-3300.0,11300.0,7300.0,large
0,2004-09-28T171524,6.0,35.815,-120.37,7.9,0,CAND,35.9394,-120.4337,1096391763,-4000.0,8600.0,7700.0,large
0,2004-09-28T171524,6.0,35.815,-120.37,7.9,0,CAND,35.9394,-120.4337,1096391764,-3400.0,7700.0,4200.0,large
0,2004-09-28T171524,6.0,35.815,-120.37,7.9,0,CAND,35.9394,-120.4337,1096391765,-3800.0,9300.0,4400.0,large
0,2004-09-28T171524,6.0,35.815,-120.37,7.9,0,CAND,35.9394,-120.4337,1096391766,-6000.0,12400.0,3300.0,large
0,2004-09-28T171524,6.0,35.815,-120.37,7.9,0,CAND,35.9394,-120.4337,1096391767,-6600.0,7800.0,8300.0,large
0,2004-09-28T171524,6.0,35.815,-120.37,7.9,0,CAND,35.9394,-120.4337,1096391768,-6400.0,9100.0,8400.0,large
0,2004-09-28T171524,6.0,35.815,-120.37,7.9,0,CAND,35.9394,-120.4337,1096391769,-8200.0,10099.0,7900.0,large
0,2004-09-28T171524,6.0,35.815,-120.37,7.9,0,CAND,35.9394,-120.4337,1096391770,-5400.0,6900.0,6000.0,large
0,2004-09-28T171524,6.0,35.815,-120.37,7.9,0,CAND,35.9394,-120.4337,1096391771,-7100.0,9500.0,7000.0,large
0,2004-09-28T171524,6.0,35.815,-120.37,7.9,0,CAND,35.9394,-120.4337,1096391772,-7100.0,9300.0,9100.0,large
0,2004-09-28T171524,6.0,35.815,-120.37,7.9,0,CAND,35.9394,-120.4337,1096391773,-7300.0,11500.0,7900.0,large
0,2004-09-28T171524,6.0,35.815,-120.37,7.9,0,CAND,35.9394,-120.4337,1096391774,-5700.0,13600.0,8000.0,large
0,2004-09-28T171524,6.0,35.815,-120.37,7.9,0,CAND,35.9394,-120.4337,1096391775,-5000.0,16800.0,15400.0,large
0,2004-09-28T171524,6.0,35.815,-120.37,7.9,0,CAND,35.9394,-120.4337,1096391776,-5200.0,20000.0,12800.0,large
0,2004-09-28T171524,6.0,35.815,-120.37,7.9,0,CAND,35.9394,-120.4337,1096391777,-4400.0,20400.0,11900.0,large
0,2004-09-28T171524,6.0,35.815,-120.37,7.9,0,CAND,35.9394,-120.4337,1096391778,-4400.0,18900.0,14800.0,large
0,2004-09-28T171524,6.0,35.815,-120.37,7.9,0,CAND,35.9394,-120.4337,1096391779,-3000.0,23600.0,14300.0,large
0,2004-09-28T171524,6.0,35.815,-120.37,7.9,0,CAND,35.9394,-120.4337,1096391780,-4200.0,22300.0,13900.0,large
0,2004-09-28T171524,6.0,35.815,-120.37,7.9,0,CAND,35.9394,-120.4337,1096391781,-5200.0,20400.0,10200.0,large
0,2004-09-28T171524,6.0,35.815,-120.37,7.9,0,CAND,35.9394,-120.4337,1096391782,-3600.0,22300.0,10600.0,large
0,2004-09-28T171524,6.0,35.815,-120.37,7.9,0,CAND,35.9394,-120.4337,1096391783,-3700.0,20900.0,6400.0,large
0,2004-09-28T171524,6.0,35.815,-120.37,7.9,1,CARH,35.8884,-120.4308,1096391724,-17200.0,1300.0,11300.0,large
0,2004-09-28T171524,6.0,35.815,-120.37,7.9,1,CARH,35.8884,-120.4308,1096391725,-19800.0,-3000.0,9100.0,large
0,2004-09-28T171524,6.0,35.815,-120.37,7.9,1,CARH,35.8884,-120.4308,1096391726,-16600.0,2000.0,5100.0,large
0,2004-09-28T171524,6.0,35.815,-120.37,7.9,1,CARH,35.8884,-120.4308,1096391727,5500.0,4400.0,1900.0,large
0,2004-09-28T171524,6.0,35.815,-120.37,7.9,1,CARH,35.8884,-120.4308,1096391728,-38700.0,7400.0,21400.0,large
0,2004-09-28T171524,6.0,35.815,-120.37,7.9,1,CARH,35.8884,-120.4308,1096391729,-40500.0,800.0,2900.0,large
0,2004-09-28T171524,6.0,35.815,-120.37,7.9,1,CARH,35.8884,-120.4308,1096391730,-39700.0,-20300.0,9900.0,large
0,2004-09-28T171524,6.0,35.815,-120.37,7.9,1,CARH,35.8884,-120.4308,1096391731,24700.0,-8700.0,19300.0,large
0,2004-09-28T171524,6.0,35.815,-120.37,7.9,1,CARH,35.8884,-120.4308,1096391732,-3400.0,-11500.0,11100.0,large
0,2004-09-28T171524,6.0,35.815,-120.37,7.9,1,CARH,35.8884,-120.4308,1096391733,-3400.0,-6800.0,4400.0,large
0,2004-09-28T171524,6.0,35.815,-120.37,7.9,1,CARH,35.8884,-120.4308,1096391734,-31700.0,17300.0,7300.0,large
0,2004-09-28T171524,6.0,35.815,-120.37,7.9,1,CARH,35.8884,-120.4308,1096391735,-20500.0,-10500.0,4600.0,large
0,2004-09-28T171524,6.0,35.815,-120.37,7.9,1,CARH,35.8884,-120.4308,1096391736,-11199.0,1800.0,13300.0,large
0,2004-09-28T171524,6.0,35.815,-120.37,7.9,1,CARH,35.8884,-120.4308,1096391737,-22900.0,-2000.0,12700.0,large
0,2004-09-28T171524,6.0,35.815,-120.37,7.9,1,CARH,35.8884,-120.4308,1096391738,-20199.0,-6400.0,1300.0,large
0,2004-09-28T171524,6.0,35.815,-120.37,7.9,1,CARH,35.8884,-120.4308,1096391739,-13300.0,-6900.0,11199.0,large
0,2004-09-28T171524,6.0,35.815,-120.37,7.9,1,CARH,35.8884,-120.4308,1096391740,-10200.0,-2200.0,10800.0,large
0,2004-09-28T171524,6.0,35.815,-120.37,7.9,1,CARH,35.8884,-120.4308,1096391741,-7700.0,-2400.0,10700.0,large
0,2004-09-28T171524,6.0,35.815,-120.37,7.9,1,CARH,35.8884,-120.4308,1096391742,-26400.0,-699.0,5700.0,large
0,2004-09-28T171524,6.0,35.815,-120.37,7.9,1,CARH,35.8884,-120.4308,1096391743,-8300.0,-6100.0,8500.0,large
0,2004-09-28T171524,6.0,35.815,-120.37,7.9,1,CARH,35.8884,-120.4308,1096391744,-12299.0,-7200.0,10700.0,large
0,2004-09-28T171524,6.0,35.815,-120.37,7.9,1,CARH,35.8884,-120.4308,1096391745,-16200.0,-10500.0,13600.0,large
0,2004-09-28T171524,6.0,35.815,-120.37,7.9,1,CARH,35.8884,-120.4308,1096391746,-11400.0,-3100.0,3100.0,large
0,2004-09-28T171524,6.0,35.815,-120.37,7.9,1,CARH,35.8884,-120.4308,1096391747,-4700.0,-10800.0,16200.0,large
0,2004-09-28T171524,6.0,35.815,-120.37,7.9,1,CARH,35.8884,-120.4308,1096391748,-16500.0,2000.0,11900.0,large
0,2004-09-28T171524,6.0,35.815,-120.37,7.9,1,CARH,35.8884,-120.4308,1096391749,-17200.0,-4700.0,10600.0,large
0,2004-09-28T171524,6.0,35.815,-120.37,7.9,1,CARH,35.8884,-120.4308,1096391750,-3400.0,-16200.0,10900.0,large
0,2004-09-28T171524,6.0,35.815,-120.37,7.9,1,CARH,35.8884,-120.4308,1096391751,-10800.0,-6900.0,10400.0,large
0,2004-09-28T171524,6.0,35.815,-120.37,7.9,1,CARH,35.8884,-120.4308,1096391752,-10000.0,2000.0,8500.0,large
0,2004-09-28T171524,6.0,35.815,-120.37,7.9,1,CARH,35.8884,-120.4308,1096391753,-16800.0,-13600.0,11199.0,large
0,2004-09-28T171524,6.0,35.815,-120.37,7.9,1,CARH,35.8884,-120.4308,1096391754,-8600.0,-9800.0,8600.0,large
0,2004-09-28T171524,6.0,35.815,-120.37,7.9,1,CARH,35.8884,-120.4308,1096391755,-16600.0,-900.0,10700.0,large
0,2004-09-28T171524,6.0,35.815,-120.37,7.9,1,CARH,35.8884,-120.4308,1096391756,-13200.0,-3200.0,7700.0,large
0,2004-09-28T171524,6.0,35.815,-120.37,7.9,1,CARH,35.8884,-120.4308,1096391757,-14100.0,-7600.0,8200.0,large
0,2004-09-28T171524,6.0,35.815,-120.37,7.9,1,CARH,35.8884,-120.4308,1096391758,-11300.0,-4900.0,10400.0,large
0,2004-09-28T171524,6.0,35.815,-120.37,7.9,1,CARH,35.8884,-120.4308,1096391759,-14900.0,-6000.0,11700.0,large
0,2004-09-28T171524,6.0,35.815,-120.37,7.9,1,CARH,35.8884,-120.4308,1096391760,-9500.0,-7500.0,12200.0,large
0,2004-09-28T171524,6.0,35.815,-120.37,7.9,1,CARH,35.8884,-120.4308,1096391761,-17000.0,-7400.0,9900.0,large
0,2004-09-28T171524,6.0,35.815,-120.37,7.9,1,CARH,35.8884,-120.4308,1096391762,-8600.0,-6800.0,5300.0,large
0,2004-09-28T171524,6.0,35.815,-120.37,7.9,1,CARH,35.8884,-120.4308,1096391763,-13500.0,-6000.0,10000.0,large
0,2004-09-28T171524,6.0,35.815,-120.37,7.9,1,CARH,35.8884,-120.4308,1096391764,-12600.0,-7400.0,10400.0,large
0,2004-09-28T171524,6.0,35.815,-120.37,7.9,1,CARH,35.8884,-120.4308,1096391765,-14100.0,-8500.0,13200.0,large
0,2004-09-28T171524,6.0,35.815,-120.37,7.9,1,CARH,35.8884,-120.4308,1096391766,-7500.0,1100.0,9400.0,large
0,2004-09-28T171524,6.0,35.815,-120.37,7.9,1,CARH,35.8884,-120.4308,1096391767,-13700.0,-8700.0,6700.0,large
0,2004-09-28T171524,6.0,35.815,-120.37,7.9,1,CARH,35.8884,-120.4308,1096391768,-15200.0,-5800.0,8100.0,large
0,2004-09-28T171524,6.0,35.815,-120.37,7.9,1,CARH,35.8884,-120.4308,1096391769,-9100.0,-8000.0,5700.0,large
0,2004-09-28T171524,6.0,35.815,-120.37,7.9,1,CARH,35.8884,-120.4308,1096391770,-15800.0,-4900.0,13200.0,large
0,2004-09-28T171524,6.0,35.815,-120.37,7.9,1,CARH,35.8884,-120.4308,1096391771,-17900.0,-5700.0,6200.0,large
0,2004-09-28T171524,6.0,35.815,-120.37,7.9,1,CARH,35.8884,-120.4308,1096391772,-11300.0,-7100.0,8800.0,large
0,2004-09-28T171524,6.0,35.815,-120.37,7.9,1,CARH,35.8884,-120.4308,1096391773,-10300.0,-4400.0,8100.0,large
0,2004-09-28T171524,6.0,35.815,-120.37,7.9,1,CARH,35.8884,-120.4308,1096391774,-20199.0,-6200.0,8900.0,large
0,2004-09-28T171524,6.0,35.815,-120.37,7.9,1,CARH,35.8884,-120.4308,1096391775,-8900.0,-699.0,12100.0,large
0,2004-09-28T171524,6.0,35.815,-120.37,7.9,1,CARH,35.8884,-120.4308,1096391776,-14400.0,-5599.0,7600.0,large
0,2004-09-28T171524,6.0,35.815,-120.37,7.9,1,CARH,35.8884,-120.4308,1096391777,-18500.0,-5100.0,11500.0,large
0,2004-09-28T171524,6.0,35.815,-120.37,7.9,1,CARH,35.8884,-120.4308,1096391778,-12000.0,-5900.0,12600.0,large
0,2004-09-28T171524,6.0,35.815,-120.37,7.9,1,CARH,35.8884,-120.4308,1096391779,-15200.0,-4900.0,8500.0,large
0,2004-09-28T171524,6.0,35.815,-120.37,7.9,1,CARH,35.8884,-120.4308,1096391780,-14000.0,-4100.0,9500.0,large
0,2004-09-28T171524,6.0,35.815,-120.37,7.9,1,CARH,35.8884,-120.4308,1096391781,-16100.0,-9800.0,5400.0,large
0,2004-09-28T171524,6.0,35.815,-120.37,7.9,1,CARH,35.8884,-120.4308,1096391782,-13500.0,-5100.0,10500.0,large
0,2004-09-28T171524,6.0,35.815,-120.37,7.9,1,CARH,35.8884,-120.4308,1096391783,-13100.0,-6700.0,10300.0,large
0,2004-09-28T171524,6.0,35.815,-120.37,7.9,2,CRBT,35.7916,-120.7507,1096391724,-18300.0,-19099.0,2100.0,large
0,2004-09-28T171524,6.0,35.815,-120.37,7.9,2,CRBT,35.7916,-120.7507,1096391725,-17600.0,-17900.0,3300.0,large
0,2004-09-28T171524,6.0,35.815,-120.37,7.9,2,CRBT,35.7916,-120.7507,1096391726,-18600.0,-18600.0,6000.0,large
0,2004-09-28T171524,6.0,35.815,-120.37,7.9,2,CRBT,35.7916,-120.7507,1096391727,-22200.0,-21200.0,7300.0,large
0,2004-09-28T171524,6.0,35.815,-120.37,7.9,2,CRBT,35.7916,-120.7507,1096391728,-23600.0,-20900.0,5900.0,large
0,2004-09-28T171524,6.0,35.815,-120.37,7.9,2,CRBT,35.7916,-120.7507,1096391729,-23700.0,-21800.0,1399.0,large
0,2004-09-28T171524,6.0,35.815,-120.37,7.9,2,CRBT,35.7916,-120.7507,1096391730,-26700.0,-27100.0,-2700.0,large
0,2004-09-28T171524,6.0,35.815,-120.37,7.9,2,CRBT,35.7916,-120.7507,1096391731,-26800.0,-22600.0,-1200.0,large
0,2004-09-28T171524,6.0,35.815,-120.37,7.9,2,CRBT,35.7916,-120.7507,1096391732,-23400.0,-22000.0,-2600.0,large
0,2004-09-28T171524,6.0,35.815,-120.37,7.9,2,CRBT,35.7916,-120.7507,1096391733,-23400.0,-17400.0,-4600.0,large
0,2004-09-28T171524,6.0,35.815,-120.37,7.9,2,CRBT,35.7916,-120.7507,1096391734,-25800.0,-12700.0,-1300.0,large
0,2004-09-28T171524,6.0,35.815,-120.37,7.9,2,CRBT,35.7916,-120.7507,1096391735,-32300.0,-8500.0,-5599.0,large
0,2004-09-28T171524,6.0,35.815,-120.37,7.9,2,CRBT,35.7916,-120.7507,1096391736,-25900.0,-21600.0,-6100.0,large
0,2004-09-28T171524,6.0,35.815,-120.37,7.9,2,CRBT,35.7916,-120.7507,1096391737,-26500.0,-26100.0,-6000.0,large
0,2004-09-28T171524,6.0,35.815,-120.37,7.9,2,CRBT,35.7916,-120.7507,1096391738,-18500.0,-29000.0,-2600.0,large
0,2004-09-28T171524,6.0,35.815,-120.37,7.9,2,CRBT,35.7916,-120.7507,1096391739,-18300.0,-31200.0,-2900.0,large
0,2004-09-28T171524,6.0,35.815,-120.37,7.9,2,CRBT,35.7916,-120.7507,1096391740,-13600.0,-21500.0,-1300.0,large
0,2004-09-28T171524,6.0,35.815,-120.37,7.9,2,CRBT,35.7916,-120.7507,1096391741,-26000.0,-20400.0,-300.0,large
0,2004-09-28T171524,6.0,35.815,-120.37,7.9,2,CRBT,35.7916,-120.7507,1096391742,-37000.0,-21500.0,-7800.0,large
0,2004-09-28T171524,6.0,35.815,-120.37,7.9,2,CRBT,35.7916,-120.7507,1096391743,-17700.0,-18300.0,-6100.0,large
0,2004-09-28T171524,6.0,35.815,-120.37,7.9,2,CRBT,35.7916,-120.7507,1096391744,-26100.0,-24900.0,3100.0,large
0,2004-09-28T171524,6.0,35.815,-120.37,7.9,2,CRBT,35.7916,-120.7507,1096391745,-26200.0,-23600.0,-4700.0,large
0,2004-09-28T171524,6.0,35.815,-120.37,7.9,2,CRBT,35.7916,-120.7507,1096391746,-22100.0,-24900.0,-3600.0,large
0,2004-09-28T171524,6.0,35.815,-120.37,7.9,2,CRBT,35.7916,-120.7507,1096391747,-28600.0,-22399.0,-6400.0,large
0,2004-09-28T171524,6.0,35.815,-120.37,7.9,2,CRBT,35.7916,-120.7507,1096391748,-15600.0,-17200.0,-1800.0,large
0,2004-09-28T171524,6.0,35.815,-120.37,7.9,2,CRBT,35.7916,-120.7507,1096391749,-30400.0,-16400.0,-7600.0,large
0,2004-09-28T171524,6.0,35.815,-120.37,7.9,2,CRBT,35.7916,-120.7507,1096391750,-26700.0,-10800.0,-1100.0,large
0,2004-09-28T171524,6.0,35.815,-120.37,7.9,2,CRBT,35.7916,-120.7507,1096391751,-29100.0,-29100.0,-2400.0,large
0,2004-09-28T171524,6.0,35.815,-120.37,7.9,2,CRBT,35.7916,-120.7507,1096391752,-19500.0,-29400.0,-5400.0,large
0,2004-09-28T171524,6.0,35.815,-120.37,7.9,2,CRBT,35.7916,-120.7507,1096391753,-27400.0,-22100.0,-3700.0,large
0,2004-09-28T171524,6.0,35.815,-120.37,7.9,2,CRBT,35.7916,-120.7507,1096391754,-30000.0,-10700.0,-3200.0,large
0,2004-09-28T171524,6.0,35.815,-120.37,7.9,2,CRBT,35.7916,-120.7507,1096391755,-29800.0,-21500.0,-2300.0,large
0,2004-09-28T171524,6.0,35.815,-120.37,7.9,2,CRBT,35.7916,-120.7507,1096391756,-19099.0,-36100.0,-7400.0,large
0,2004-09-28T171524,6.0,35.815,-120.37,7.9,2,CRBT,35.7916,-120.7507,1096391757,-21100.0,-22700.0,-5200.0,large
0,2004-09-28T171524,6.0,35.815,-120.37,7.9,2,CRBT,35.7916,-120.7507,1096391758,-36500.0,-12500.0,-9400.0,large
0,2004-09-28T171524,6.0,35.815,-120.37,7.9,2,CRBT,35.7916,-120.7507,1096391759,-22700.0,-28500.0,-11600.0,large
0,2004-09-28T171524,6.0,35.815,-120.37,7.9,2,CRBT,35.7916,-120.7507,1096391760,-26900.0,-33799.0,-7000.0,large
0,2004-09-28T171524,6.0,35.815,-120.37,7.9,2,CRBT,35.7916,-120.7507,1096391761,-31500.0,-12700.0,-12299.0,large
0,2004-09-28T171524,6.0,35.815,-120.37,7.9,2,CRBT,35.7916,-120.7507,1096391762,-30500.0,-25100.0,-9600.0,large
0,2004-09-28T171524,6.0,35.815,-120.37,7.9,2,CRBT,35.7916,-120.7507,1096391763,-25500.0,-29400.0,-10700.0,large
0,2004-09-28T171524,6.0,35.815,-120.37,7.9,2,CRBT,35.7916,-120.7507,1096391764,-23900.0,-26500.0,-12500.0,large
0,2004-09-28T171524,6.0,35.815,-120.37,7.9,2,CRBT,35.7916,-120.7507,1096391765,-34000.0,-21900.0,-16600.0,large
0,2004-09-28T171524,6.0,35.815,-120.37,7.9,2,CRBT,35.7916,-120.7507,1096391766,-26700.0,-31600.0,-9500.0,large
0,2004-09-28T171524,6.0,35.815,-120.37,7.9,2,CRBT,35.7916,-120.7507,1096391767,-25600.0,-29800.0,-16400.0,large
0,2004-09-28T171524,6.0,35.815,-120.37,7.9,2,CRBT,35.7916,-120.7507,1096391768,-31000.0,-24700.0,-12299.0,large
0,2004-09-28T171524,6.0,35.815,-120.37,7.9,2,CRBT,35.7916,-120.7507,1096391769,-25600.0,-34899.0,-11700.0,large
0,2004-09-28T171524,6.0,35.815,-120.37,7.9,2,CRBT,35.7916,-120.7507,1096391770,-32699.0,-33000.0,-16800.0,large
0,2004-09-28T171524,6.0,35.815,-120.37,7.9,2,CRBT,35.7916,-120.7507,1096391771,-32400.0,-27400.0,-16300.0,large
0,2004-09-28T171524,6.0,35.815,-120.37,7.9,2,CRBT,35.7916,-120.7507,1096391772,-26000.0,-26300.0,-16899.0,large
0,2004-09-28T171524,6.0,35.815,-120.37,7.9,2,CRBT,35.7916,-120.7507,1096391773,-30100.0,-32100.0,-18900.0,large
0,2004-09-28T171524,6.0,35.815,-120.37,7.9,2,CRBT,35.7916,-120.7507,1096391774,-35300.0,-30400.0,-18100.0,large
0,2004-09-28T171524,6.0,35.815,-120.37,7.9,2,CRBT,35.7916,-120.7507,1096391775,-34100.0,-28100.0,-14000.0,large
0,2004-09-28T171524,6.0,35.815,-120.37,7.9,2,CRBT,35.7916,-120.7507,1096391776,-25300.0,-33500.0,-22500.0,large
0,2004-09-28T171524,6.0,35.815,-120.37,7.9,2,CRBT,35.7916,-120.7507,1096391777,-33700.0,-29000.0,-17900.0,large
0,2004-09-28T171524,6.0,35.815,-120.37,7.9,2,CRBT,35.7916,-120.7507,1096391778,-29800.0,-32400.0,-19700.0,large
0,2004-09-28T171524,6.0,35.815,-120.37,7.9,2,CRBT,35.7916,-120.7507,1096391779,-33799.0,-31900.0,-19300.0,large
0,2004-09-28T171524,6.0,35.815,-120.37,7.9,2,CRBT,35.7916,-120.7507,1096391780,-28800.0,-29300.0,-22700.0,large
0,2004-09-28T171524,6.0,35.815,-120.37,7.9,2,CRBT,35.7916,-120.7507,1096391781,-33500.0,-27900.0,-22800.0,large
0,2004-09-28T171524,6.0,35.815,-120.37,7.9,2,CRBT,35.7916,-120.7507,1096391782,-29700.0,-32100.0,-18400.0,large
0,2004-09-28T171524,6.0,35.815,-120.37,7.9,2,CRBT,35.7916,-120.7507,1096391783,-29000.0,-27300.0,-23900.0,large
0,2004-09-28T171524,6.0,35.815,-120.37,7.9,3,HOGS,35.8667,-120.4795,1096391724,-8000.0,-46400.0,-900.0,large
0,2004-09-28T171524,6.0,35.815,-120.37,7.9,3,HOGS,35.8667,-120.4795,1096391725,-6400.0,-46000.0,-1700.0,large
0,2004-09-28T171524,6.0,35.815,-120.37,7.9,3,HOGS,35.8667,-120.4795,1096391726,-8900.0,-43300.0,3200.0,large
0,2004-09-28T171524,6.0,35.815,-120.37,7.9,3,HOGS,35.8667,-120.4795,1096391727,-28400.0,-28400.0,14100.0,large
0,2004-09-28T171524,6.0,35.815,-120.37,7.9,3,HOGS,35.8667,-120.4795,1096391728,-50400.0,-53300.0,5599.0,large
0,2004-09-28T171524,6.0,35.815,-120.37,7.9,3,HOGS,35.8667,-120.4795,1096391729,-36300.0,-51800.0,-6000.0,large
0,2004-09-28T171524,6.0,35.815,-120.37,7.9,3,HOGS,35.8667,-120.4795,1096391730,-12900.0,-24200.0,-10099.0,large
0,2004-09-28T171524,6.0,35.815,-120.37,7.9,3,HOGS,35.8667,-120.4795,1096391731,-79700.0,1200.0,600.0,large
0,2004-09-28T171524,6.0,35.815,-120.37,7.9,3,HOGS,35.8667,-120.4795,1096391732,-14100.0,-24599.0,-4200.0,large
0,2004-09-28T171524,6.0,35.815,-120.37,7.9,3,HOGS,35.8667,-120.4795,1096391733,-11400.0,-8600.0,800.0,large
0,2004-09-28T171524,6.0,35.815,-120.37,7.9,3,HOGS,35.8667,-120.4795,1096391734,-20000.0,-29500.0,-3800.0,large
0,2004-09-28T171524,6.0,35.815,-120.37,7.9,3,HOGS,35.8667,-120.4795,1096391735,-10000.0,-32400.0,-6700.0,large
0,2004-09-28T171524,6.0,35.815,-120.37,7.9,3,HOGS,35.8667,-120.4795,1096391736,-11400.0,-11600.0,1500.0,large
0,2004-09-28T171524,6.0,35.815,-120.37,7.9,3,HOGS,35.8667,-120.4795,1096391737,-21100.0,-15800.0,-12100.0,large
0,2004-09-28T171524,6.0,35.815,-120.37,7.9,3,HOGS,35.8667,-120.4795,1096391738,-12200.0,-28500.0,-699.0,large
0,2004-09-28T171524,6.0,35.815,-120.37,7.9,3,HOGS,35.8667,-120.4795,1096391739,-14900.0,-24500.0,-2500.0,large
0,2004-09-28T171524,6.0,35.815,-120.37,7.9,3,HOGS,35.8667,-120.4795,1096391740,-18200.0,-6100.0,-3100.0,large
0,2004-09-28T171524,6.0,35.815,-120.37,7.9,3,HOGS,35.8667,-120.4795,1096391741,-26200.0,-24400.0,4400.0,large
0,2004-09-28T171524,6.0,35.815,-120.37,7.9,3,HOGS,35.8667,-120.4795,1096391742,-21200.0,-14800.0,2400.0,large
0,2004-09-28T171524,6.0,35.815,-120.37,7.9,3,HOGS,35.8667,-120.4795,1096391743,-20000.0,-19600.0,-4300.0,large
0,2004-09-28T171524,6.0,35.815,-120.37,7.9,3,HOGS,35.8667,-120.4795,1096391744,-24500.0,-7700.0,-9400.0,large
0,2004-09-28T171524,6.0,35.815,-120.37,7.9,3,HOGS,35.8667,-120.4795,1096391745,-12500.0,-21600.0,-1100.0,large
0,2004-09-28T171524,6.0,35.815,-120.37,7.9,3,HOGS,35.8667,-120.4795,1096391746,-14800.0,-14200.0,-7100.0,large
0,2004-09-28T171524,6.0,35.815,-120.37,7.9,3,HOGS,35.8667,-120.4795,1096391747,-14300.0,-11199.0,-2500.0,large
0,2004-09-28T171524,6.0,35.815,-120.37,7.9,3,HOGS,35.8667,-120.4795,1096391748,-34000.0,-74199.0,-98700.0,large
0,2004-09-28T171524,6.0,35.815,-120.37,7.9,3,HOGS,35.8667,-120.4795,1096391749,-35999.0,-79400.0,-103400.0,large
0,2004-09-28T171524,6.0,35.815,-120.37,7.9,3,HOGS,35.8667,-120.4795,1096391750,-41100.0,-77200.0,-110400.0,large
0,2004-09-28T171524,6.0,35.815,-120.37,7.9,3,HOGS,35.8667,-120.4795,1096391751,-42400.0,-76399.0,-113700.0,large
0,2004-09-28T171524,6.0,35.815,-120.37,7.9,3,HOGS,35.8667,-120.4795,1096391752,-40399.0,-82300.0,-109700.0,large
0,2004-09-28T171524,6.0,35.815,-120.37,7.9,3,HOGS,35.8667,-120.4795,1096391753,-33799.0,-75300.0,-113600.0,large
0,2004-09-28T171524,6.0,35.815,-120.37,7.9,3,HOGS,35.8667,-120.4795,1096391754,-38800.0,-81200.0,-112100.0,large
0,2004-09-28T171524,6.0,35.815,-120.37,7.9,3,HOGS,35.8667,-120.4795,1096391755,-37500.0,-72200.0,-108900.0,large
0,2004-09-28T171524,6.0,35.815,-120.37,7.9,3,HOGS,35.8667,-120.4795,1096391756,-35400.0,-71099.0,-108500.0,large
0,2004-09-28T171524,6.0,35.815,-120.37,7.9,3,HOGS,35.8667,-120.4795,1096391757,-34800.0,-71000.0,-108400.0,large
0,2004-09-28T171524,6.0,35.815,-120.37,7.9,3,HOGS,35.8667,-120.4795,1096391758,-37800.0,-72400.0,-103300.0,large
0,2004-09-28T171524,6.0,35.815,-120.37,7.9,3,HOGS,35.8667,-120.4795,1096391759,-34000.0,-71200.0,-101200.0,large
0,2004-09-28T171524,6.0,35.815,-120.37,7.9,3,HOGS,35.8667,-120.4795,1096391760,-38800.0,-68100.0,-98700.0,large
0,2004-09-28T171524,6.0,35.815,-120.37,7.9,3,HOGS,35.8667,-120.4795,1096391761,-30100.0,-63900.0,-96199.0,large
0,2004-09-28T171524,6.0,35.815,-120.37,7.9,3,HOGS,35.8667,-120.4795,1096391762,-31900.0,-61700.0,-91600.0,large
0,2004-09-28T171524,6.0,35.815,-120.37,7.9,3,HOGS,35.8667,-120.4795,1096391763,-35300.0,-62600.0,-95000.0,large
0,2004-09-28T171524,6.0,35.815,-120.37,7.9,3,HOGS,35.8667,-120.4795,1096391764,-31100.0,-59400.0,-91200.0,large
0,2004-09-28T171524,6.0,35.815,-120.37,7.9,3,HOGS,35.8667,-120.4795,1096391765,-31800.0,-58700.0,-91600.0,large
0,2004-09-28T171524,6.0,35.815,-120.37,7.9,3,HOGS,35.8667,-120.4795,1096391766,-30700.0,-54100.0,-87500.0,large
0,2004-09-28T171524,6.0,35.815,-120.37,7.9,3,HOGS,35.8667,-120.4795,1096391767,-32100.0,-57600.0,-88100.0,large
0,2004-09-28T171524,6.0,35.815,-120.37,7.9,3,HOGS,35.8667,-120.4795,1096391768,-34700.0,-54000.0,-84700.0,large
0,2004-09-28T171524,6.0,35.815,-120.37,7.9,3,HOGS,35.8667,-120.4795,1096391769,-29300.0,-52500.0,-82300.0,large
0,2004-09-28T171524,6.0,35.815,-120.37,7.9,3,HOGS,35.8667,-120.4795,1096391770,-33500.0,-54100.0,-79100.0,large
0,2004-09-28T171524,6.0,35.815,-120.37,7.9,3,HOGS,35.8667,-120.4795,1096391771,-31600.0,-53400.0,-74400.0,large
0,2004-09-28T171524,6.0,35.815,-120.37,7.9,3,HOGS,35.8667,-120.4795,1096391772,-33900.0,-52700.0,-76100.0,large
0,2004-09-28T171524,6.0,35.815,-120.37,7.9,3,HOGS,35.8667,-120.4795,1096391773,-29800.0,-47600.0,-76399.0,large
0,2004-09-28T171524,6.0,35.815,-120.37,7.9,3,HOGS,35.8667,-120.4795,1096391774,-29500.0,-49700.0,-74400.0,large
0,2004-09-28T171524,6.0,35.815,-120.37,7.9,3,HOGS,35.8667,-120.4795,1096391775,-31500.0,-51000.0,-73200.0,large
0,2004-09-28T171524,6.0,35.815,-120.37,7.9,3,HOGS,35.8667,-120.4795,1096391776,-33600.0,-48000.0,-73500.0,large
0,2004-09-28T171524,6.0,35.815,-120.37,7.9,3,HOGS,35.8667,-120.4795,1096391777,-30600.0,-45300.0,-69200.0,large
0,2004-09-28T171524,6.0,35.815,-120.37,7.9,3,HOGS,35.8667,-120.4795,1096391778,-30500.0,-46100.0,-68400.0,large
0,2004-09-28T171524,6.0,35.815,-120.37,7.9,3,HOGS,35.8667,-120.4795,1096391779,-31500.0,-46300.0,-70400.0,large
0,2004-09-28T171524,6.0,35.815,-120.37,7.9,3,HOGS,35.8667,-120.4795,1096391780,-30600.0,-45200.0,-65500.0,large
0,2004-09-28T171524,6.0,35.815,-120.37,7.9,3,HOGS,35.8667,-120.4795,1096391781,-28000.0,-44700.0,-61800.0,large
0,2004-09-28T171524,6.0,35.815,-120.37,7.9,3,HOGS,35.8667,-120.4795,1096391782,-30100.0,-43800.0,-59500.0,large
0,2004-09-28T171524,6.0,35.815,-120.37,7.9,3,HOGS,35.8667,-120.4795,1096391783,-29900.0,-40700.0,-58400.0,large
0,2004-09-28T171524,6.0,35.815,-120.37,7.9,4,HUNT,35.8808,-120.4024,1096391724,-54700.0,19900.0,-25800.0,large
0,2004-09-28T171524,6.0,35.815,-120.37,7.9,4,HUNT,35.8808,-120.4024,1096391725,-54200.0,20100.0,-23499.0,large
0,2004-09-28T171524,6.0,35.815,-120.37,7.9,4,HUNT,35.8808,-120.4024,1096391726,-43900.0,11100.0,-37300.0,large
0,2004-09-28T171524,6.0,35.815,-120.37,7.9,4,HUNT,35.8808,-120.4024,1096391727,-53400.0,15900.0,-21600.0,large
0,2004-09-28T171524,6.0,35.815,-120.37,7.9,4,HUNT,35.8808,-120.4024,1096391728,-61000.0,-14900.0,-14800.0,large
0,2004-09-28T171524,6.0,35.815,-120.37,7.9,4,HUNT,35.8808,-120.4024,1096391729,-40300.0,-8500.0,-16200.0,large
0,2004-09-28T171524,6.0,35.815,-120.37,7.9,4,HUNT,35.8808,-120.4024,1096391730,-27500.0,-3000.0,-17400.0,large
0,2004-09-28T171524,6.0,35.815,-120.37,7.9,4,HUNT,35.8808,-120.4024,1096391731,-18400.0,1600.0,-19700.0,large
0,2004-09-28T171524,6.0,35.815,-120.37,7.9,4,HUNT,35.8808,-120.4024,1096391732,-21400.0,-1000.0,-20400.0,large
0,2004-09-28T171524,6.0,35.815,-120.37,7.9,4,HUNT,35.8808,-120.4024,1096391733,-30600.0,1300.0,-21500.0,large
0,2004-09-28T171524,6.0,35.815,-120.37,7.9,4,HUNT,35.8808,-120.4024,1096391734,-33900.0,6400.0,-22800.0,large
0,2004-09-28T171524,6.0,35.815,-120.37,7.9,4,HUNT,35.8808,-120.4024,1096391735,-26600.0,4100.0,-19000.0,large
0,2004-09-28T171524,6.0,35.815,-120.37,7.9,4,HUNT,35.8808,-120.4024,1096391736,-26300.0,5000.0,-18500.0,large
0,2004-09-28T171524,6.0,35.815,-120.37,7.9,4,HUNT,35.8808,-120.4024,1096391737,-33400.0,5500.0,-18700.0,large
0,2004-09-28T171524,6.0,35.815,-120.37,7.9,4,HUNT,35.8808,-120.4024,1096391738,-35900.0,1300.0,-20199.0,large
0,2004-09-28T171524,6.0,35.815,-120.37,7.9,4,HUNT,35.8808,-120.4024,1096391739,-32300.0,-2000.0,-17500.0,large
0,2004-09-28T171524,6.0,35.815,-120.37,7.9,4,HUNT,35.8808,-120.4024,1096391740,-30800.0,1700.0,-15700.0,large
0,2004-09-28T171524,6.0,35.815,-120.37,7.9,4,HUNT,35.8808,-120.4024,1096391741,-29500.0,1800.0,-14400.0,large
0,2004-09-28T171524,6.0,35.815,-120.37,7.9,4,HUNT,35.8808,-120.4024,1096391742,-33600.0,1200.0,-15900.0,large
0,2004-09-28T171524,6.0,35.815,-120.37,7.9,4,HUNT,35.8808,-120.4024,1096391743,-31400.0,2200.0,-13900.0,large
0,2004-09-28T171524,6.0,35.815,-120.37,7.9,4,HUNT,35.8808,-120.4024,1096391744,-32699.0,-1700.0,-16500.0,large
0,2004-09-28T171524,6.0,35.815,-120.37,7.9,4,HUNT,35.8808,-120.4024,1096391745,-32699.0,699.0,-12000.0,large
0,2004-09-28T171524,6.0,35.815,-120.37,7.9,4,HUNT,35.8808,-120.4024,1096391746,-27200.0,2400.0,-13900.0,large
0,2004-09-28T171524,6.0,35.815,-120.37,7.9,4,HUNT,35.8808,-120.4024,1096391747,-33400.0,1500.0,-15800.0,large
0,2004-09-28T171524,6.0,35.815,-120.37,7.9,4,HUNT,35.8808,-120.4024,1096391748,-29600.0,1900.0,-14100.0,large
0,2004-09-28T171524,6.0,35.815,-120.37,7.9,4,HUNT,35.8808,-120.4024,1096391749,-29000.0,300.0,-13800.0,large
0,2004-09-28T171524,6.0,35.815,-120.37,7.9,4,HUNT,35.8808,-120.4024,1096391750,-34100.0,-400.0,-14000.0,large
0,2004-09-28T171524,6.0,35.815,-120.37,7.9,4,HUNT,35.8808,-120.4024,1096391751,-28600.0,1300.0,-16500.0,large
0,2004-09-28T171524,6.0,35.815,-120.37,7.9,4,HUNT,35.8808,-120.4024,1096391752,-29500.0,-600.0,-13300.0,large
0,2004-09-28T171524,6.0,35.815,-120.37,7.9,4,HUNT,35.8808,-120.4024,1096391753,-31200.0,-800.0,-18400.0,large
0,2004-09-28T171524,6.0,35.815,-120.37,7.9,4,HUNT,35.8808,-120.4024,1096391754,-26700.0,2400.0,-14400.0,large
0,2004-09-28T171524,6.0,35.815,-120.37,7.9,4,HUNT,35.8808,-120.4024,1096391755,-32200.0,1399.0,-17200.0,large
0,2004-09-28T171524,6.0,35.815,-120.37,7.9,4,HUNT,35.8808,-120.4024,1096391756,-27600.0,2100.0,-14800.0,large
0,2004-09-28T171524,6.0,35.815,-120.37,7.9,4,HUNT,35.8808,-120.4024,1096391757,-30300.0,3900.0,-13600.0,large
0,2004-09-28T171524,6.0,35.815,-120.37,7.9,4,HUNT,35.8808,-120.4024,1096391758,-33600.0,-3900.0,-14400.0,large
0,2004-09-28T171524,6.0,35.815,-120.37,7.9,4,HUNT,35.8808,-120.4024,1096391759,-34400.0,6100.0,-1399.0,large
0,2004-09-28T171524,6.0,35.815,-120.37,7.9,4,HUNT,35.8808,-120.4024,1096391760,-28000.0,5599.0,-9300.0,large
0,2004-09-28T171524,6.0,35.815,-120.37,7.9,4,HUNT,35.8808,-120.4024,1096391761,-32300.0,4900.0,-12400.0,large
0,2004-09-28T171524,6.0,35.815,-120.37,7.9,4,HUNT,35.8808,-120.4024,1096391762,-32800.0,-3300.0,-22000.0,large
0,2004-09-28T171524,6.0,35.815,-120.37,7.9,4,HUNT,35.8808,-120.4024,1096391763,-37200.0,-7000.0,-27000.0,large
0,2004-09-28T171524,6.0,35.815,-120.37,7.9,4,HUNT,35.8808,-120.4024,1096391764,-34300.0,-8000.0,-26500.0,large
0,2004-09-28T171524,6.0,35.815,-120.37,7.9,4,HUNT,35.8808,-120.4024,1096391765,-37600.0,-9800.0,-25700.0,large
0,2004-09-28T171524,6.0,35.815,-120.37,7.9,4,HUNT,35.8808,-120.4024,1096391766,-38300.0,-12200.0,-27000.0,large
0,2004-09-28T171524,6.0,35.815,-120.37,7.9,4,HUNT,35.8808,-120.4024,1096391767,-40100.0,-12900.0,-30500.0,large
0,2004-09-28T171524,6.0,35.815,-120.37,7.9,4,HUNT,35.8808,-120.4024,1096391768,-41300.0,-11199.0,-31400.0,large
0,2004-09-28T171524,6.0,35.815,-120.37,7.9,4,HUNT,35.8808,-120.4024,1096391769,-41300.0,-13800.0,-32900.0,large
0,2004-09-28T171524,6.0,35.815,-120.37,7.9,4,HUNT,35.8808,-120.4024,1096391770,-39900.0,-15900.0,-29000.0,large
0,2004-09-28T171524,6.0,35.815,-120.37,7.9,4,HUNT,35.8808,-120.4024,1096391771,-41200.0,-14100.0,-33600.0,large
0,2004-09-28T171524,6.0,35.815,-120.37,7.9,4,HUNT,35.8808,-120.4024,1096391772,-40700.0,-15200.0,-35200.0,large
0,2004-09-28T171524,6.0,35.815,-120.37,7.9,4,HUNT,35.8808,-120.4024,1096391773,-39000.0,-15100.0,-36200.0,large
0,2004-09-28T171524,6.0,35.815,-120.37,7.9,4,HUNT,35.8808,-120.4024,1096391774,-39600.0,-16000.0,-38400.0,large
0,2004-09-28T171524,6.0,35.815,-120.37,7.9,4,HUNT,35.8808,-120.4024,1096391775,-41300.0,-13700.0,-39700.0,large
0,2004-09-28T171524,6.0,35.815,-120.37,7.9,4,HUNT,35.8808,-120.4024,1096391776,-41200.0,-17700.0,-37500.0,large
0,2004-09-28T171524,6.0,35.815,-120.37,7.9,4,HUNT,35.8808,-120.4024,1096391777,-42400.0,-17400.0,-41100.0,large
0,2004-09-28T171524,6.0,35.815,-120.37,7.9,4,HUNT,35.8808,-120.4024,1096391778,-44300.0,-18600.0,-40200.0,large
0,2004-09-28T171524,6.0,35.815,-120.37,7.9,4,HUNT,35.8808,-120.4024,1096391779,-43699.0,-18800.0,-37500.0,large
0,2004-09-28T171524,6.0,35.815,-120.37,7.9,4,HUNT,35.8808,-120.4024,1096391780,-42500.0,-16500.0,-37400.0,large
0,2004-09-28T171524,6.0,35.815,-120.37,7.9,4,HUNT,35.8808,-120.4024,1096391781,-42300.0,-20199.0,-38400.0,large
0,2004-09-28T171524,6.0,35.815,-120.37,7.9,4,HUNT,35.8808,-120.4024,1096391782,-43200.0,-21800.0,-39600.0,large
0,2004-09-28T171524,6.0,35.815,-120.37,7.9,4,HUNT,35.8808,-120.4024,1096391783,-42200.0,-20000.0,-40100.0,large
0,2004-09-28T171524,6.0,35.815,-120.37,7.9,5,LAND,35.8998,-120.4733,1096391724,25600.0,-17999.0,-25300.0,large
0,2004-09-28T171524,6.0,35.815,-120.37,7.9,5,LAND,35.8998,-120.4733,1096391725,24900.0,-17700.0,-18200.0,large
0,2004-09-28T171524,6.0,35.815,-120.37,7.9,5,LAND,35.8998,-120.4733,1096391726,20000.0,-4499.0,-14500.0,large
0,2004-09-28T171524,6.0,35.815,-120.37,7.9,5,LAND,35.8998,-120.4733,1096391727,42400.0,2200.0,-12700.0,large
0,2004-09-28T171524,6.0,35.815,-120.37,7.9,5,LAND,35.8998,-120.4733,1096391728,-11100.0,-48700.0,-27700.0,large
0,2004-09-28T171524,6.0,35.815,-120.37,7.9,5,LAND,35.8998,-120.4733,1096391729,-13000.0,-10300.0,-12500.0,large
0,2004-09-28T171524,6.0,35.815,-120.37,7.9,5,LAND,35.8998,-120.4733,1096391730,-9400.0,-4200.0,-31500.0,large
0,2004-09-28T171524,6.0,35.815,-120.37,7.9,5,LAND,35.8998,-120.4733,1096391731,16100.0,-4800.0,-24400.0,large
0,2004-09-28T171524,6.0,35.815,-120.37,7.9,5,LAND,35.8998,-120.4733,1096391732,-11000.0,-300.0,-27700.0,large
0,2004-09-28T171524,6.0,35.815,-120.37,7.9,5,LAND,35.8998,-120.4733,1096391733,17600.0,-2300.0,-27600.0,large
0,2004-09-28T171524,6.0,35.815,-120.37,7.9,5,LAND,35.8998,-120.4733,1096391734,11700.0,-6700.0,-25700.0,large
0,2004-09-28T171524,6.0,35.815,-120.37,7.9,5,LAND,35.8998,-120.4733,1096391735,14200.0,-3500.0,-29400.0,large
0,2004-09-28T171524,6.0,35.815,-120.37,7.9,5,LAND,35.8998,-120.4733,1096391736,2600.0,699.0,-21299.0,large
0,2004-09-28T171524,6.0,35.815,-120.37,7.9,5,LAND,35.8998,-120.4733,1096391737,10600.0,0.0,-24200.0,large
0,2004-09-28T171524,6.0,35.815,-120.37,7.9,5,LAND,35.8998,-120.4733,1096391738,10300.0,1800.0,-26700.0,large
0,2004-09-28T171524,6.0,35.815,-120.37,7.9,5,LAND,35.8998,-120.4733,1096391739,9600.0,3500.0,-25000.0,large
0,2004-09-28T171524,6.0,35.815,-120.37,7.9,5,LAND,35.8998,-120.4733,1096391740,5200.0,-4300.0,-28700.0,large
0,2004-09-28T171524,6.0,35.815,-120.37,7.9,5,LAND,35.8998,-120.4733,1096391741,6800.0,-2600.0,-27600.0,large
0,2004-09-28T171524,6.0,35.815,-120.37,7.9,5,LAND,35.8998,-120.4733,1096391742,11100.0,200.0,-28700.0,large
0,2004-09-28T171524,6.0,35.815,-120.37,7.9,5,LAND,35.8998,-120.4733,1096391743,8700.0,-2600.0,-29000.0,large
0,2004-09-28T171524,6.0,35.815,-120.37,7.9,5,LAND,35.8998,-120.4733,1096391744,10300.0,-1500.0,-29800.0,large
0,2004-09-28T171524,6.0,35.815,-120.37,7.9,5,LAND,35.8998,-120.4733,1096391745,13600.0,4499.0,-28800.0,large
0,2004-09-28T171524,6.0,35.815,-120.37,7.9,5,LAND,35.8998,-120.4733,1096391746,3900.0,-2200.0,-27500.0,large
0,2004-09-28T171524,6.0,35.815,-120.37,7.9,5,LAND,35.8998,-120.4733,1096391747,7400.0,699.0,-27000.0,large
0,2004-09-28T171524,6.0,35.815,-120.37,7.9,5,LAND,35.8998,-120.4733,1096391748,14200.0,4100.0,-28200.0,large
0,2004-09-28T171524,6.0,35.815,-120.37,7.9,5,LAND,35.8998,-120.4733,1096391749,10099.0,3000.0,-28800.0,large
0,2004-09-28T171524,6.0,35.815,-120.37,7.9,5,LAND,35.8998,-120.4733,1096391750,8400.0,100.0,-28600.0,large
0,2004-09-28T171524,6.0,35.815,-120.37,7.9,5,LAND,35.8998,-120.4733,1096391751,7300.0,0.0,-29700.0,large
0,2004-09-28T171524,6.0,35.815,-120.37,7.9,5,LAND,35.8998,-120.4733,1096391752,9600.0,100.0,-29200.0,large
0,2004-09-28T171524,6.0,35.815,-120.37,7.9,5,LAND,35.8998,-120.4733,1096391753,5400.0,-100.0,-25800.0,large
0,2004-09-28T171524,6.0,35.815,-120.37,7.9,5,LAND,35.8998,-120.4733,1096391754,7500.0,-1100.0,-30300.0,large
0,2004-09-28T171524,6.0,35.815,-120.37,7.9,5,LAND,35.8998,-120.4733,1096391755,8800.0,3600.0,-28000.0,large
0,2004-09-28T171524,6.0,35.815,-120.37,7.9,5,LAND,35.8998,-120.4733,1096391756,8200.0,1000.0,-27300.0,large
0,2004-09-28T171524,6.0,35.815,-120.37,7.9,5,LAND,35.8998,-120.4733,1096391757,7500.0,-200.0,-26300.0,large
0,2004-09-28T171524,6.0,35.815,-120.37,7.9,5,LAND,35.8998,-120.4733,1096391758,5599.0,800.0,-29400.0,large
0,2004-09-28T171524,6.0,35.815,-120.37,7.9,5,LAND,35.8998,-120.4733,1096391759,9900.0,3700.0,-31300.0,large
0,2004-09-28T171524,6.0,35.815,-120.37,7.9,5,LAND,35.8998,-120.4733,1096391760,8400.0,1500.0,-32100.0,large
0,2004-09-28T171524,6.0,35.815,-120.37,7.9,5,LAND,35.8998,-120.4733,1096391761,8800.0,3500.0,-31500.0,large
0,2004-09-28T171524,6.0,35.815,-120.37,7.9,5,LAND,35.8998,-120.4733,1096391762,7000.0,1700.0,-30500.0,large
0,2004-09-28T171524,6.0,35.815,-120.37,7.9,5,LAND,35.8998,-120.4733,1096391763,9500.0,3600.0,-29800.0,large
0,2004-09-28T171524,6.0,35.815,-120.37,7.9,5,LAND,35.8998,-120.4733,1096391764,6500.0,1800.0,-27900.0,large
0,2004-09-28T171524,6.0,35.815,-120.37,7.9,5,LAND,35.8998,-120.4733,1096391765,7700.0,3500.0,-29400.0,large
0,2004-09-28T171524,6.0,35.815,-120.37,7.9,5,LAND,35.8998,-120.4733,1096391766,8700.0,3300.0,-29200.0,large
0,2004-09-28T171524,6.0,35.815,-120.37,7.9,5,LAND,35.8998,-120.4733,1096391767,4200.0,4499.0,-27600.0,large
0,2004-09-28T171524,6.0,35.815,-120.37,7.9,5,LAND,35.8998,-120.4733,1096391768,7400.0,3000.0,-29100.0,large
0,2004-09-28T171524,6.0,35.815,-120.37,7.9,5,LAND,35.8998,-120.4733,1096391769,7300.0,1800.0,-28200.0,large
0,2004-09-28T171524,6.0,35.815,-120.37,7.9,5,LAND,35.8998,-120.4733,1096391770,6700.0,2400.0,-30100.0,large
0,2004-09-28T171524,6.0,35.815,-120.37,7.9,5,LAND,35.8998,-120.4733,1096391771,5300.0,3800.0,-30900.0,large
0,2004-09-28T171524,6.0,35.815,-120.37,7.9,5,LAND,35.8998,-120.4733,1096391772,6900.0,5000.0,-32200.0,large
0,2004-09-28T171524,6.0,35.815,-120.37,7.9,5,LAND,35.8998,-120.4733,1096391773,5400.0,5400.0,-30500.0,large
0,2004-09-28T171524,6.0,35.815,-120.37,7.9,5,LAND,35.8998,-120.4733,1096391774,5100.0,1100.0,-28100.0,large
0,2004-09-28T171524,6.0,35.815,-120.37,7.9,5,LAND,35.8998,-120.4733,1096391775,6300.0,4000.0,-30900.0,large
0,2004-09-28T171524,6.0,35.815,-120.37,7.9,5,LAND,35.8998,-120.4733,1096391776,6900.0,4100.0,-31100.0,large
0,2004-09-28T171524,6.0,35.815,-120.37,7.9,5,LAND,35.8998,-120.4733,1096391777,6000.0,3400.0,-32400.0,large
0,2004-09-28T171524,6.0,35.815,-120.37,7.9,5,LAND,35.8998,-120.4733,1096391778,4300.0,2799.0,-30000.0,large
0,2004-09-28T171524,6.0,35.815,-120.37,7.9,5,LAND,35.8998,-120.4733,1096391779,6400.0,3000.0,-29700.0,large
0,2004-09-28T171524,6.0,35.815,-120.37,7.9,5,LAND,35.8998,-120.4733,1096391780,6700.0,3100.0,-31300.0,large
0,2004-09-28T171524,6.0,35.815,-120.37,7.9,5,LAND,35.8998,-120.4733,1096391781,6100.0,4600.0,-29800.0,large
0,2004-09-28T171524,6.0,35.815,-120.37,7.9,5,LAND,35.8998,-120.4733,1096391782,6100.0,4100.0,-30500.0,large
0,2004-09-28T171524,6.0,35.815,-120.37,7.9,5,LAND,35.8998,-120.4733,1096391783,5599.0,4499.0,-32900.0,large
0,2004-09-28T171524,6.0,35.815,-120.37,7.9,6,LOWS,35.8287,-120.5943,1096391724,4700.0,-16600.0,-4200.0,large
0,2004-09-28T171524,6.0,35.815,-120.37,7.9,6,LOWS,35.8287,-120.5943,1096391725,4300.0,-12500.0,-11199.0,large
0,2004-09-28T171524,6.0,35.815,-120.37,7.9,6,LOWS,35.8287,-120.5943,1096391726,2600.0,-12200.0,-10000.0,large
0,2004-09-28T171524,6.0,35.815,-120.37,7.9,6,LOWS,35.8287,-120.5943,1096391727,-4000.0,-8400.0,-5700.0,large
0,2004-09-28T171524,6.0,35.815,-120.37,7.9,6,LOWS,35.8287,-120.5943,1096391728,-11000.0,-8600.0,12400.0,large
0,2004-09-28T171524,6.0,35.815,-120.37,7.9,6,LOWS,35.8287,-120.5943,1096391729,-19200.0,-8300.0,-1500.0,large
0,2004-09-28T171524,6.0,35.815,-120.37,7.9,6,LOWS,35.8287,-120.5943,1096391730,0.0,-6900.0,-10300.0,large
0,2004-09-28T171524,6.0,35.815,-120.37,7.9,6,LOWS,35.8287,-120.5943,1096391731,12000.0,-300.0,-12299.0,large
0,2004-09-28T171524,6.0,35.815,-120.37,7.9,6,LOWS,35.8287,-120.5943,1096391732,-600.0,13300.0,-12000.0,large
0,2004-09-28T171524,6.0,35.815,-120.37,7.9,6,LOWS,35.8287,-120.5943,1096391733,-2700.0,-1600.0,-8000.0,large
0,2004-09-28T171524,6.0,35.815,-120.37,7.9,6,LOWS,35.8287,-120.5943,1096391734,-13400.0,-7300.0,-21800.0,large
0,2004-09-28T171524,6.0,35.815,-120.37,7.9,6,LOWS,35.8287,-120.5943,1096391735,-11400.0,-17300.0,-25800.0,large
0,2004-09-28T171524,6.0,35.815,-120.37,7.9,6,LOWS,35.8287,-120.5943,1096391736,3800.0,-37200.0,-29100.0,large
0,2004-09-28T171524,6.0,35.815,-120.37,7.9,6,LOWS,35.8287,-120.5943,1096391737,20199.0,-27000.0,-19300.0,large
0,2004-09-28T171524,6.0,35.815,-120.37,7.9,6,LOWS,35.8287,-120.5943,1096391738,-8400.0,-5800.0,-15200.0,large
0,2004-09-28T171524,6.0,35.815,-120.37,7.9,6,LOWS,35.8287,-120.5943,1096391739,-18700.0,-13400.0,-19500.0,large
0,2004-09-28T171524,6.0,35.815,-120.37,7.9,6,LOWS,35.8287,-120.5943,1096391740,-3900.0,-14900.0,-16100.0,large
0,2004-09-28T171524,6.0,35.815,-120.37,7.9,6,LOWS,35.8287,-120.5943,1096391741,3300.0,-30700.0,-26700.0,large
0,2004-09-28T171524,6.0,35.815,-120.37,7.9,6,LOWS,35.8287,-120.5943,1096391742,-9300.0,-15400.0,-17800.0,large
0,2004-09-28T171524,6.0,35.815,-120.37,7.9,6,LOWS,35.8287,-120.5943,1096391743,1300.0,-8999.0,-15400.0,large
0,2004-09-28T171524,6.0,35.815,-120.37,7.9,6,LOWS,35.8287,-120.5943,1096391744,-7700.0,-32900.0,-33500.0,large
0,2004-09-28T171524,6.0,35.815,-120.37,7.9,6,LOWS,35.8287,-120.5943,1096391745,-14700.0,-19099.0,-27200.0,large
0,2004-09-28T171524,6.0,35.815,-120.37,7.9,6,LOWS,35.8287,-120.5943,1096391746,-9400.0,-19600.0,-39800.0,large
0,2004-09-28T171524,6.0,35.815,-120.37,7.9,6,LOWS,35.8287,-120.5943,1096391747,-4900.0,-21500.0,-27600.0,large
0,2004-09-28T171524,6.0,35.815,-120.37,7.9,6,LOWS,35.8287,-120.5943,1096391748,-10099.0,-33000.0,-34400.0,large
0,2004-09-28T171524,6.0,35.815,-120.37,7.9,6,LOWS,35.8287,-120.5943,1096391749,-3800.0,-23200.0,-40200.0,large
0,2004-09-28T171524,6.0,35.815,-120.37,7.9,6,LOWS,35.8287,-120.5943,1096391750,-10300.0,-22500.0,-42800.0,large
0,2004-09-28T171524,6.0,35.815,-120.37,7.9,6,LOWS,35.8287,-120.5943,1096391751,-100.0,-28300.0,-32400.0,large
0,2004-09-28T171524,6.0,35.815,-120.37,7.9,6,LOWS,35.8287,-120.5943,1096391752,-7500.0,-17700.0,-32800.0,large
0,2004-09-28T171524,6.0,35.815,-120.37,7.9,6,LOWS,35.8287,-120.5943,1096391753,600.0,-26800.0,-27700.0,large
0,2004-09-28T171524,6.0,35.815,-120.37,7.9,6,LOWS,35.8287,-120.5943,1096391754,-6000.0,-18900.0,-30300.0,large
0,2004-09-28T171524,6.0,35.815,-120.37,7.9,6,LOWS,35.8287,-120.5943,1096391755,-6700.0,-31700.0,-36400.0,large
0,2004-09-28T171524,6.0,35.815,-120.37,7.9,6,LOWS,35.8287,-120.5943,1096391756,-4100.0,-15700.0,-27700.0,large
0,2004-09-28T171524,6.0,35.815,-120.37,7.9,6,LOWS,35.8287,-120.5943,1096391757,400.0,-21299.0,-30600.0,large
0,2004-09-28T171524,6.0,35.815,-120.37,7.9,6,LOWS,35.8287,-120.5943,1096391758,-6600.0,-27400.0,-30200.0,large
0,2004-09-28T171524,6.0,35.815,-120.37,7.9,6,LOWS,35.8287,-120.5943,1096391759,-8600.0,-21800.0,-30700.0,large
0,2004-09-28T171524,6.0,35.815,-120.37,7.9,6,LOWS,35.8287,-120.5943,1096391760,-5900.0,-20800.0,-38000.0,large
0,2004-09-28T171524,6.0,35.815,-120.37,7.9,6,LOWS,35.8287,-120.5943,1096391761,-4100.0,-20000.0,-33600.0,large
0,2004-09-28T171524,6.0,35.815,-120.37,7.9,6,LOWS,35.8287,-120.5943,1096391762,-8400.0,-21600.0,-31600.0,large
0,2004-09-28T171524,6.0,35.815,-120.37,7.9,6,LOWS,35.8287,-120.5943,1096391763,-10800.0,-17200.0,-30000.0,large
0,2004-09-28T171524,6.0,35.815,-120.37,7.9,6,LOWS,35.8287,-120.5943,1096391764,-7200.0,-26600.0,-31300.0,large
0,2004-09-28T171524,6.0,35.815,-120.37,7.9,6,LOWS,35.8287,-120.5943,1096391765,-2600.0,-22200.0,-36500.0,large
0,2004-09-28T171524,6.0,35.815,-120.37,7.9,6,LOWS,35.8287,-120.5943,1096391766,-13000.0,-20000.0,-40500.0,large
0,2004-09-28T171524,6.0,35.815,-120.37,7.9,6,LOWS,35.8287,-120.5943,1096391767,-5800.0,-20500.0,-27500.0,large
0,2004-09-28T171524,6.0,35.815,-120.37,7.9,6,LOWS,35.8287,-120.5943,1096391768,-2900.0,-28000.0,-34300.0,large
0,2004-09-28T171524,6.0,35.815,-120.37,7.9,6,LOWS,35.8287,-120.5943,1096391769,-11900.0,-27700.0,-33900.0,large
0,2004-09-28T171524,6.0,35.815,-120.37,7.9,6,LOWS,35.8287,-120.5943,1096391770,-10099.0,-20100.0,-40399.0,large
0,2004-09-28T171524,6.0,35.815,-120.37,7.9,6,LOWS,35.8287,-120.5943,1096391771,-7000.0,-21299.0,-38400.0,large
0,2004-09-28T171524,6.0,35.815,-120.37,7.9,6,LOWS,35.8287,-120.5943,1096391772,-3400.0,-20500.0,-31800.0,large
0,2004-09-28T171524,6.0,35.815,-120.37,7.9,6,LOWS,35.8287,-120.5943,1096391773,-4600.0,-23600.0,-32200.0,large
0,2004-09-28T171524,6.0,35.815,-120.37,7.9,6,LOWS,35.8287,-120.5943,1096391774,-3800.0,-15900.0,-33799.0,large
0,2004-09-28T171524,6.0,35.815,-120.37,7.9,6,LOWS,35.8287,-120.5943,1096391775,-7500.0,-18600.0,-31600.0,large
0,2004-09-28T171524,6.0,35.815,-120.37,7.9,6,LOWS,35.8287,-120.5943,1096391776,-8300.0,-17300.0,-38000.0,large
0,2004-09-28T171524,6.0,35.815,-120.37,7.9,6,LOWS,35.8287,-120.5943,1096391777,-6800.0,-18900.0,-33200.0,large
0,2004-09-28T171524,6.0,35.815,-120.37,7.9,6,LOWS,35.8287,-120.5943,1096391778,-1300.0,-19800.0,-37400.0,large
0,2004-09-28T171524,6.0,35.815,-120.37,7.9,6,LOWS,35.8287,-120.5943,1096391779,-5400.0,-18700.0,-38300.0,large
0,2004-09-28T171524,6.0,35.815,-120.37,7.9,6,LOWS,35.8287,-120.5943,1096391780,-6700.0,-22000.0,-40399.0,large
0,2004-09-28T171524,6.0,35.815,-120.37,7.9,6,LOWS,35.8287,-120.5943,1096391781,-6600.0,-21500.0,-41200.0,large
0,2004-09-28T171524,6.0,35.815,-120.37,7.9,6,LOWS,35.8287,-120.5943,1096391782,-6200.0,-20900.0,-41800.0,large
0,2004-09-28T171524,6.0,35.815,-120.37,7.9,6,LOWS,35.8287,-120.5943,1096391783,-4499.0,-19400.0,-42700.0,large
0,2004-09-28T171524,6.0,35.815,-120.37,7.9,7,MASW,35.8326,-120.4431,1096391724,10700.0,-31200.0,-9600.0,large
0,2004-09-28T171524,6.0,35.815,-120.37,7.9,7,MASW,35.8326,-120.4431,1096391725,7300.0,-34500.0,-1600.0,large
0,2004-09-28T171524,6.0,35.815,-120.37,7.9,7,MASW,35.8326,-120.4431,1096391726,-3300.0,-35300.0,17500.0,large
0,2004-09-28T171524,6.0,35.815,-120.37,7.9,7,MASW,35.8326,-120.4431,1096391727,-11500.0,-37600.0,-7400.0,large
0,2004-09-28T171524,6.0,35.815,-120.37,7.9,7,MASW,35.8326,-120.4431,1096391728,-21700.0,-16100.0,-9500.0,large
0,2004-09-28T171524,6.0,35.815,-120.37,7.9,7,MASW,35.8326,-120.4431,1096391729,6400.0,-8800.0,-11400.0,large
0,2004-09-28T171524,6.0,35.815,-120.37,7.9,7,MASW,35.8326,-120.4431,1096391730,5200.0,-10300.0,-6500.0,large
0,2004-09-28T171524,6.0,35.815,-120.37,7.9,7,MASW,35.8326,-120.4431,1096391731,-17500.0,-7300.0,-3500.0,large
0,2004-09-28T171524,6.0,35.815,-120.37,7.9,7,MASW,35.8326,-120.4431,1096391732,8900.0,9800.0,3800.0,large
0,2004-09-28T171524,6.0,35.815,-120.37,7.9,7,MASW,35.8326,-120.4431,1096391733,-6000.0,-13200.0,10600.0,large
0,2004-09-28T171524,6.0,35.815,-120.37,7.9,7,MASW,35.8326,-120.4431,1096391734,4600.0,12500.0,100.0,large
0,2004-09-28T171524,6.0,35.815,-120.37,7.9,7,MASW,35.8326,-120.4431,1096391735,11100.0,5500.0,1100.0,large
0,2004-09-28T171524,6.0,35.815,-120.37,7.9,7,MASW,35.8326,-120.4431,1096391736,10500.0,300.0,1300.0,large
0,2004-09-28T171524,6.0,35.815,-120.37,7.9,7,MASW,35.8326,-120.4431,1096391737,11400.0,13400.0,2700.0,large
0,2004-09-28T171524,6.0,35.815,-120.37,7.9,7,MASW,35.8326,-120.4431,1096391738,-1300.0,-5700.0,6300.0,large
0,2004-09-28T171524,6.0,35.815,-120.37,7.9,7,MASW,35.8326,-120.4431,1096391739,-2700.0,5300.0,7100.0,large
0,2004-09-28T171524,6.0,35.815,-120.37,7.9,7,MASW,35.8326,-120.4431,1096391740,-6300.0,2200.0,3700.0,large
0,2004-09-28T171524,6.0,35.815,-120.37,7.9,7,MASW,35.8326,-120.4431,1096391741,6400.0,-1300.0,2799.0,large
0,2004-09-28T171524,6.0,35.815,-120.37,7.9,7,MASW,35.8326,-120.4431,1096391742,4900.0,2799.0,1399.0,large
0,2004-09-28T171524,6.0,35.815,-120.37,7.9,7,MASW,35.8326,-120.4431,1096391743,1399.0,-8200.0,-5400.0,large
0,2004-09-28T171524,6.0,35.815,-120.37,7.9,7,MASW,35.8326,-120.4431,1096391744,-1700.0,-8400.0,-1800.0,large
0,2004-09-28T171524,6.0,35.815,-120.37,7.9,7,MASW,35.8326,-120.4431,1096391745,-6100.0,-6300.0,-800.0,large
0,2004-09-28T171524,6.0,35.815,-120.37,7.9,7,MASW,35.8326,-120.4431,1096391746,-3700.0,-7400.0,-1500.0,large
0,2004-09-28T171524,6.0,35.815,-120.37,7.9,7,MASW,35.8326,-120.4431,1096391747,5900.0,-15300.0,-9100.0,large
0,2004-09-28T171524,6.0,35.815,-120.37,7.9,7,MASW,35.8326,-120.4431,1096391748,-4700.0,-8999.0,-5400.0,large
0,2004-09-28T171524,6.0,35.815,-120.37,7.9,7,MASW,35.8326,-120.4431,1096391749,-3100.0,-7900.0,-13900.0,large
0,2004-09-28T171524,6.0,35.815,-120.37,7.9,7,MASW,35.8326,-120.4431,1096391750,-5800.0,-18100.0,-6100.0,large
0,2004-09-28T171524,6.0,35.815,-120.37,7.9,7,MASW,35.8326,-120.4431,1096391751,-3600.0,-9600.0,-3800.0,large
0,2004-09-28T171524,6.0,35.815,-120.37,7.9,7,MASW,35.8326,-120.4431,1096391752,-6200.0,-4000.0,1300.0,large
0,2004-09-28T171524,6.0,35.815,-120.37,7.9,7,MASW,35.8326,-120.4431,1096391753,-4000.0,-3700.0,-3100.0,large
0,2004-09-28T171524,6.0,35.815,-120.37,7.9,7,MASW,35.8326,-120.4431,1096391754,-200.0,-900.0,100.0,large
0,2004-09-28T171524,6.0,35.815,-120.37,7.9,7,MASW,35.8326,-120.4431,1096391755,-1600.0,-800.0,3700.0,large
0,2004-09-28T171524,6.0,35.815,-120.37,7.9,7,MASW,35.8326,-120.4431,1096391756,-6400.0,-8000.0,3900.0,large
0,2004-09-28T171524,6.0,35.815,-120.37,7.9,7,MASW,35.8326,-120.4431,1096391757,-1700.0,-7200.0,-699.0,large
0,2004-09-28T171524,6.0,35.815,-120.37,7.9,7,MASW,35.8326,-120.4431,1096391758,-5100.0,-5400.0,-2100.0,large
0,2004-09-28T171524,6.0,35.815,-120.37,7.9,7,MASW,35.8326,-120.4431,1096391759,-3300.0,-8000.0,-699.0,large
0,2004-09-28T171524,6.0,35.815,-120.37,7.9,7,MASW,35.8326,-120.4431,1096391760,-1900.0,-699.0,-6900.0,large
0,2004-09-28T171524,6.0,35.815,-120.37,7.9,7,MASW,35.8326,-120.4431,1096391761,-3900.0,-8300.0,-4700.0,large
0,2004-09-28T171524,6.0,35.815,-120.37,7.9,7,MASW,35.8326,-120.4431,1096391762,-6000.0,-5900.0,-1600.0,large
0,2004-09-28T171524,6.0,35.815,-120.37,7.9,7,MASW,35.8326,-120.4431,1096391763,-7300.0,-11100.0,2900.0,large
0,2004-09-28T171524,6.0,35.815,-120.37,7.9,7,MASW,35.8326,-120.4431,1096391764,-8000.0,-9100.0,100.0,large
0,2004-09-28T171524,6.0,35.815,-120.37,7.9,7,MASW,35.8326,-120.4431,1096391765,-4300.0,-7600.0,-4700.0,large
0,2004-09-28T171524,6.0,35.815,-120.37,7.9,7,MASW,35.8326,-120.4431,1096391766,-3500.0,-5500.0,-8400.0,large
0,2004-09-28T171524,6.0,35.815,-120.37,7.9,7,MASW,35.8326,-120.4431,1096391767,-1200.0,-4000.0,-13000.0,large
0,2004-09-28T171524,6.0,35.815,-120.37,7.9,7,MASW,35.8326,-120.4431,1096391768,-3900.0,-5900.0,-12900.0,large
0,2004-09-28T171524,6.0,35.815,-120.37,7.9,7,MASW,35.8326,-120.4431,1096391769,-5700.0,-13200.0,-3400.0,large
0,2004-09-28T171524,6.0,35.815,-120.37,7.9,7,MASW,35.8326,-120.4431,1096391770,-10900.0,-11000.0,1800.0,large
0,2004-09-28T171524,6.0,35.815,-120.37,7.9,7,MASW,35.8326,-120.4431,1096391771,-6200.0,-12000.0,1900.0,large
0,2004-09-28T171524,6.0,35.815,-120.37,7.9,7,MASW,35.8326,-120.4431,1096391772,-6700.0,-6200.0,-4400.0,large
0,2004-09-28T171524,6.0,35.815,-120.37,7.9,7,MASW,35.8326,-120.4431,1096391773,-2500.0,-2400.0,-10099.0,large
0,2004-09-28T171524,6.0,35.815,-120.37,7.9,7,MASW,35.8326,-120.4431,1096391774,-3400.0,-5599.0,-7600.0,large
0,2004-09-28T171524,6.0,35.815,-120.37,7.9,7,MASW,35.8326,-120.4431,1096391775,-4499.0,-6700.0,-7900.0,large
0,2004-09-28T171524,6.0,35.815,-120.37,7.9,7,MASW,35.8326,-120.4431,1096391776,-9700.0,-11400.0,-1900.0,large
0,2004-09-28T171524,6.0,35.815,-120.37,7.9,7,MASW,35.8326,-120.4431,1096391777,-4700.0,-13100.0,-6800.0,large
0,2004-09-28T171524,6.0,35.815,-120.37,7.9,7,MASW,35.8326,-120.4431,1096391778,-7400.0,-8300.0,-7300.0,large
0,2004-09-28T171524,6.0,35.815,-120.37,7.9,7,MASW,35.8326,-120.4431,1096391779,-6400.0,-5700.0,-6800.0,large
0,2004-09-28T171524,6.0,35.815,-120.37,7.9,7,MASW,35.8326,-120.4431,1096391780,-3100.0,-2600.0,-7700.0,large
0,2004-09-28T171524,6.0,35.815,-120.37,7.9,7,MASW,35.8326,-120.4431,1096391781,-8000.0,-7800.0,-7700.0,large
0,2004-09-28T171524,6.0,35.815,-120.37,7.9,7,MASW,35.8326,-120.4431,1096391782,-7400.0,-9100.0,-4200.0,large
0,2004-09-28T171524,6.0,35.815,-120.37,7.9,7,MASW,35.8326,-120.4431,1096391783,-10099.0,-8999.0,2200.0,large
0,2004-09-28T171524,6.0,35.815,-120.37,7.9,8,MIDA,35.9219,-120.4588,1096391724,-46000.0,41000.0,-35700.0,large
0,2004-09-28T171524,6.0,35.815,-120.37,7.9,8,MIDA,35.9219,-120.4588,1096391725,-45899.0,43200.0,-33400.0,large
0,2004-09-28T171524,6.0,35.815,-120.37,7.9,8,MIDA,35.9219,-120.4588,1096391726,-42000.0,43400.0,-41900.0,large
0,2004-09-28T171524,6.0,35.815,-120.37,7.9,8,MIDA,35.9219,-120.4588,1096391727,-24000.0,41600.0,-49100.0,large
0,2004-09-28T171524,6.0,35.815,-120.37,7.9,8,MIDA,35.9219,-120.4588,1096391728,-28700.0,61000.0,-41800.0,large
0,2004-09-28T171524,6.0,35.815,-120.37,7.9,8,MIDA,35.9219,-120.4588,1096391729,-105700.0,-21700.0,-69799.0,large
0,2004-09-28T171524,6.0,35.815,-120.37,7.9,8,MIDA,35.9219,-120.4588,1096391730,-60100.0,-22800.0,-28600.0,large
0,2004-09-28T171524,6.0,35.815,-120.37,7.9,8,MIDA,35.9219,-120.4588,1096391731,-8000.0,38400.0,-41200.0,large
0,2004-09-28T171524,6.0,35.815,-120.37,7.9,8,MIDA,35.9219,-120.4588,1096391732,3400.0,27500.0,-51200.0,large
0,2004-09-28T171524,6.0,35.815,-120.37,7.9,8,MIDA,35.9219,-120.4588,1096391733,-47200.0,8000.0,-64400.0,large
0,2004-09-28T171524,6.0,35.815,-120.37,7.9,8,MIDA,35.9219,-120.4588,1096391734,-57600.0,34200.0,-51700.0,large
0,2004-09-28T171524,6.0,35.815,-120.37,7.9,8,MIDA,35.9219,-120.4588,1096391735,-42100.0,30200.0,-42200.0,large
0,2004-09-28T171524,6.0,35.815,-120.37,7.9,8,MIDA,35.9219,-120.4588,1096391736,-42100.0,21800.0,-63900.0,large
0,2004-09-28T171524,6.0,35.815,-120.37,7.9,8,MIDA,35.9219,-120.4588,1096391737,-37300.0,31800.0,-43100.0,large
0,2004-09-28T171524,6.0,35.815,-120.37,7.9,8,MIDA,35.9219,-120.4588,1096391738,-44900.0,21400.0,-57300.0,large
0,2004-09-28T171524,6.0,35.815,-120.37,7.9,8,MIDA,35.9219,-120.4588,1096391739,-46000.0,14100.0,-54800.0,large
0,2004-09-28T171524,6.0,35.815,-120.37,7.9,8,MIDA,35.9219,-120.4588,1096391740,-39500.0,26600.0,-44900.0,large
0,2004-09-28T171524,6.0,35.815,-120.37,7.9,8,MIDA,35.9219,-120.4588,1096391741,-46999.0,27000.0,-55800.0,large
0,2004-09-28T171524,6.0,35.815,-120.37,7.9,8,MIDA,35.9219,-120.4588,1096391742,-44200.0,22700.0,-52500.0,large
0,2004-09-28T171524,6.0,35.815,-120.37,7.9,8,MIDA,35.9219,-120.4588,1096391743,-44600.0,25400.0,-61200.0,large
0,2004-09-28T171524,6.0,35.815,-120.37,7.9,8,MIDA,35.9219,-120.4588,1096391744,-32800.0,24400.0,-57200.0,large
0,2004-09-28T171524,6.0,35.815,-120.37,7.9,8,MIDA,35.9219,-120.4588,1096391745,-52200.0,20300.0,-62100.0,large
0,2004-09-28T171524,6.0,35.815,-120.37,7.9,8,MIDA,35.9219,-120.4588,1096391746,-43800.0,27200.0,-63000.0,large
0,2004-09-28T171524,6.0,35.815,-120.37,7.9,8,MIDA,35.9219,-120.4588,1096391747,-43600.0,20500.0,-63000.0,large
0,2004-09-28T171524,6.0,35.815,-120.37,7.9,8,MIDA,35.9219,-120.4588,1096391748,-49199.0,27800.0,-63400.0,large
0,2004-09-28T171524,6.0,35.815,-120.37,7.9,8,MIDA,35.9219,-120.4588,1096391749,-44900.0,25500.0,-63500.0,large
0,2004-09-28T171524,6.0,35.815,-120.37,7.9,8,MIDA,35.9219,-120.4588,1096391750,-44500.0,26200.0,-61300.0,large
0,2004-09-28T171524,6.0,35.815,-120.37,7.9,8,MIDA,35.9219,-120.4588,1096391751,-50600.0,14200.0,-70700.0,large
0,2004-09-28T171524,6.0,35.815,-120.37,7.9,8,MIDA,35.9219,-120.4588,1096391752,-48900.0,25800.0,-72300.0,large
0,2004-09-28T171524,6.0,35.815,-120.37,7.9,8,MIDA,35.9219,-120.4588,1096391753,-42800.0,24000.0,-60300.0,large
0,2004-09-28T171524,6.0,35.815,-120.37,7.9,8,MIDA,35.9219,-120.4588,1096391754,-51900.0,21000.0,-81100.0,large
0,2004-09-28T171524,6.0,35.815,-120.37,7.9,8,MIDA,35.9219,-120.4588,1096391755,-46999.0,24000.0,-68600.0,large
0,2004-09-28T171524,6.0,35.815,-120.37,7.9,8,MIDA,35.9219,-120.4588,1096391756,-50200.0,27800.0,-68300.0,large
0,2004-09-28T171524,6.0,35.815,-120.37,7.9,8,MIDA,35.9219,-120.4588,1096391757,-50600.0,21100.0,-74199.0,large
0,2004-09-28T171524,6.0,35.815,-120.37,7.9,8,MIDA,35.9219,-120.4588,1096391758,-47900.0,21299.0,-75200.0,large
0,2004-09-28T171524,6.0,35.815,-120.37,7.9,8,MIDA,35.9219,-120.4588,1096391759,-52400.0,22200.0,-73800.0,large
0,2004-09-28T171524,6.0,35.815,-120.37,7.9,8,MIDA,35.9219,-120.4588,1096391760,-53800.0,18400.0,-72600.0,large
0,2004-09-28T171524,6.0,35.815,-120.37,7.9,8,MIDA,35.9219,-120.4588,1096391761,-54500.0,18400.0,-78400.0,large
0,2004-09-28T171524,6.0,35.815,-120.37,7.9,8,MIDA,35.9219,-120.4588,1096391762,-48700.0,20100.0,-76800.0,large
0,2004-09-28T171524,6.0,35.815,-120.37,7.9,8,MIDA,35.9219,-120.4588,1096391763,-54100.0,18100.0,-88800.0,large
0,2004-09-28T171524,6.0,35.815,-120.37,7.9,8,MIDA,35.9219,-120.4588,1096391764,-52200.0,19500.0,-87100.0,large
0,2004-09-28T171524,6.0,35.815,-120.37,7.9,8,MIDA,35.9219,-120.4588,1096391765,-53200.0,22700.0,-85600.0,large
0,2004-09-28T171524,6.0,35.815,-120.37,7.9,8,MIDA,35.9219,-120.4588,1096391766,-56400.0,19300.0,-91900.0,large
0,2004-09-28T171524,6.0,35.815,-120.37,7.9,8,MIDA,35.9219,-120.4588,1096391767,-54000.0,22700.0,-91300.0,large
0,2004-09-28T171524,6.0,35.815,-120.37,7.9,8,MIDA,35.9219,-120.4588,1096391768,-52300.0,21600.0,-90000.0,large
0,2004-09-28T171524,6.0,35.815,-120.37,7.9,8,MIDA,35.9219,-120.4588,1096391769,-57400.0,18200.0,-93400.0,large
0,2004-09-28T171524,6.0,35.815,-120.37,7.9,8,MIDA,35.9219,-120.4588,1096391770,-53500.0,20400.0,-92400.0,large
0,2004-09-28T171524,6.0,35.815,-120.37,7.9,8,MIDA,35.9219,-120.4588,1096391771,-53500.0,24000.0,-92900.0,large
0,2004-09-28T171524,6.0,35.815,-120.37,7.9,8,MIDA,35.9219,-120.4588,1096391772,-53300.0,25000.0,-93099.0,large
0,2004-09-28T171524,6.0,35.815,-120.37,7.9,8,MIDA,35.9219,-120.4588,1096391773,-56400.0,21500.0,-100700.0,large
0,2004-09-28T171524,6.0,35.815,-120.37,7.9,8,MIDA,35.9219,-120.4588,1096391774,-52900.0,23200.0,-96199.0,large
0,2004-09-28T171524,6.0,35.815,-120.37,7.9,8,MIDA,35.9219,-120.4588,1096391775,-54200.0,26200.0,-95100.0,large
0,2004-09-28T171524,6.0,35.815,-120.37,7.9,8,MIDA,35.9219,-120.4588,1096391776,-61300.0,24300.0,-101500.0,large
0,2004-09-28T171524,6.0,35.815,-120.37,7.9,8,MIDA,35.9219,-120.4588,1096391777,-54300.0,23000.0,-102700.0,large
0,2004-09-28T171524,6.0,35.815,-120.37,7.9,8,MIDA,35.9219,-120.4588,1096391778,-53200.0,29900.0,-99900.0,large
0,2004-09-28T171524,6.0,35.815,-120.37,7.9,8,MIDA,35.9219,-120.4588,1096391779,-58600.0,27800.0,-104500.0,large
0,2004-09-28T171524,6.0,35.815,-120.37,7.9,8,MIDA,35.9219,-120.4588,1096391780,-54600.0,31800.0,-105600.0,large
0,2004-09-28T171524,6.0,35.815,-120.37,7.9,8,MIDA,35.9219,-120.4588,1096391781,-55100.0,32500.0,-101200.0,large
0,2004-09-28T171524,6.0,35.815,-120.37,7.9,8,MIDA,35.9219,-120.4588,1096391782,-52300.0,32000.0,-102900.0,large
0,2004-09-28T171524,6.0,35.815,-120.37,7.9,8,MIDA,35.9219,-120.4588,1096391783,-56700.0,30600.0,-102400.0,large
0,2004-09-28T171524,6.0,35.815,-120.37,7.9,9,MNMC,35.9695,-120.434,1096391724,-28700.0,22100.0,4000.0,large
0,2004-09-28T171524,6.0,35.815,-120.37,7.9,9,MNMC,35.9695,-120.434,1096391725,-28500.0,20900.0,2900.0,large
0,2004-09-28T171524,6.0,35.815,-120.37,7.9,9,MNMC,35.9695,-120.434,1096391726,-26700.0,21900.0,2500.0,large
0,2004-09-28T171524,6.0,35.815,-120.37,7.9,9,MNMC,35.9695,-120.434,1096391727,-24200.0,14400.0,-5200.0,large
0,2004-09-28T171524,6.0,35.815,-120.37,7.9,9,MNMC,35.9695,-120.434,1096391728,-17200.0,0.0,-11400.0,large
0,2004-09-28T171524,6.0,35.815,-120.37,7.9,9,MNMC,35.9695,-120.434,1096391729,-12500.0,-17999.0,-16400.0,large
0,2004-09-28T171524,6.0,35.815,-120.37,7.9,9,MNMC,35.9695,-120.434,1096391730,-79899.0,-17600.0,-9200.0,large
0,2004-09-28T171524,6.0,35.815,-120.37,7.9,9,MNMC,35.9695,-120.434,1096391731,-24700.0,-23200.0,20000.0,large
0,2004-09-28T171524,6.0,35.815,-120.37,7.9,9,MNMC,35.9695,-120.434,1096391732,-15600.0,-14600.0,13900.0,large
0,2004-09-28T171524,6.0,35.815,-120.37,7.9,9,MNMC,35.9695,-120.434,1096391733,-6800.0,-7600.0,-1300.0,large
0,2004-09-28T171524,6.0,35.815,-120.37,7.9,9,MNMC,35.9695,-120.434,1096391734,-17100.0,6300.0,-8999.0,large
0,2004-09-28T171524,6.0,35.815,-120.37,7.9,9,MNMC,35.9695,-120.434,1096391735,-4400.0,8500.0,-9600.0,large
0,2004-09-28T171524,6.0,35.815,-120.37,7.9,9,MNMC,35.9695,-120.434,1096391736,-26000.0,2900.0,-6400.0,large
0,2004-09-28T171524,6.0,35.815,-120.37,7.9,9,MNMC,35.9695,-120.434,1096391737,-32400.0,4100.0,-7800.0,large
0,2004-09-28T171524,6.0,35.815,-120.37,7.9,9,MNMC,35.9695,-120.434,1096391738,-25100.0,-3400.0,-5500.0,large
0,2004-09-28T171524,6.0,35.815,-120.37,7.9,9,MNMC,35.9695,-120.434,1096391739,-28200.0,-9700.0,-3900.0,large
0,2004-09-28T171524,6.0,35.815,-120.37,7.9,9,MNMC,35.9695,-120.434,1096391740,-27600.0,-2799.0,-9100.0,large
0,2004-09-28T171524,6.0,35.815,-120.37,7.9,9,MNMC,35.9695,-120.434,1096391741,-25900.0,-3200.0,-5100.0,large
0,2004-09-28T171524,6.0,35.815,-120.37,7.9,9,MNMC,35.9695,-120.434,1096391742,-22300.0,-5500.0,-6400.0,large
0,2004-09-28T171524,6.0,35.815,-120.37,7.9,9,MNMC,35.9695,-120.434,1096391743,-23600.0,-500.0,-4400.0,large
0,2004-09-28T171524,6.0,35.815,-120.37,7.9,9,MNMC,35.9695,-120.434,1096391744,-25300.0,-2300.0,-3500.0,large
0,2004-09-28T171524,6.0,35.815,-120.37,7.9,9,MNMC,35.9695,-120.434,1096391745,-29200.0,-2300.0,-6100.0,large
0,2004-09-28T171524,6.0,35.815,-120.37,7.9,9,MNMC,35.9695,-120.434,1096391746,-21200.0,-3500.0,-2900.0,large
0,2004-09-28T171524,6.0,35.815,-120.37,7.9,9,MNMC,35.9695,-120.434,1096391747,-28100.0,-4700.0,-2100.0,large
0,2004-09-28T171524,6.0,35.815,-120.37,7.9,9,MNMC,35.9695,-120.434,1096391748,-25200.0,-1100.0,-3400.0,large
0,2004-09-28T171524,6.0,35.815,-120.37,7.9,9,MNMC,35.9695,-120.434,1096391749,-29800.0,-2500.0,-3800.0,large
0,2004-09-28T171524,6.0,35.815,-120.37,7.9,9,MNMC,35.9695,-120.434,1096391750,-24900.0,200.0,-9500.0,large
0,2004-09-28T171524,6.0,35.815,-120.37,7.9,9,MNMC,35.9695,-120.434,1096391751,-27600.0,-600.0,-2900.0,large
0,2004-09-28T171524,6.0,35.815,-120.37,7.9,9,MNMC,35.9695,-120.434,1096391752,-24200.0,900.0,-2400.0,large
0,2004-09-28T171524,6.0,35.815,-120.37,7.9,9,MNMC,35.9695,-120.434,1096391753,-24800.0,-3600.0,-7700.0,large
0,2004-09-28T171524,6.0,35.815,-120.37,7.9,9,MNMC,35.9695,-120.434,1096391754,-27800.0,-500.0,-8400.0,large
0,2004-09-28T171524,6.0,35.815,-120.37,7.9,9,MNMC,35.9695,-120.434,1096391755,-24700.0,100.0,-5200.0,large
0,2004-09-28T171524,6.0,35.815,-120.37,7.9,9,MNMC,35.9695,-120.434,1096391756,-24300.0,-200.0,-8500.0,large
0,2004-09-28T171524,6.0,35.815,-120.37,7.9,9,MNMC,35.9695,-120.434,1096391757,-26800.0,-3500.0,-7400.0,large
0,2004-09-28T171524,6.0,35.815,-120.37,7.9,9,MNMC,35.9695,-120.434,1096391758,-24400.0,-1399.0,-8999.0,large
0,2004-09-28T171524,6.0,35.815,-120.37,7.9,9,MNMC,35.9695,-120.434,1096391759,-27400.0,-2700.0,-7500.0,large
0,2004-09-28T171524,6.0,35.815,-120.37,7.9,9,MNMC,35.9695,-120.434,1096391760,-24300.0,-2000.0,-8999.0,large
0,2004-09-28T171524,6.0,35.815,-120.37,7.9,9,MNMC,35.9695,-120.434,1096391761,-26300.0,-2300.0,-11700.0,large
0,2004-09-28T171524,6.0,35.815,-120.37,7.9,9,MNMC,35.9695,-120.434,1096391762,-22200.0,2700.0,-11100.0,large
0,2004-09-28T171524,6.0,35.815,-120.37,7.9,9,MNMC,35.9695,-120.434,1096391763,-22200.0,-1100.0,-10200.0,large
0,2004-09-28T171524,6.0,35.815,-120.37,7.9,9,MNMC,35.9695,-120.434,1096391764,-22900.0,400.0,-9200.0,large
0,2004-09-28T171524,6.0,35.815,-120.37,7.9,9,MNMC,35.9695,-120.434,1096391765,-21299.0,500.0,-8100.0,large
0,2004-09-28T171524,6.0,35.815,-120.37,7.9,9,MNMC,35.9695,-120.434,1096391766,-24300.0,900.0,-8200.0,large
0,2004-09-28T171524,6.0,35.815,-120.37,7.9,9,MNMC,35.9695,-120.434,1096391767,-25300.0,2600.0,-8600.0,large
0,2004-09-28T171524,6.0,35.815,-120.37,7.9,9,MNMC,35.9695,-120.434,1096391768,-22300.0,2000.0,-4499.0,large
0,2004-09-28T171524,6.0,35.815,-120.37,7.9,9,MNMC,35.9695,-120.434,1096391769,-21900.0,4700.0,-6300.0,large
0,2004-09-28T171524,6.0,35.815,-120.37,7.9,9,MNMC,35.9695,-120.434,1096391770,-22700.0,1800.0,-4000.0,large
0,2004-09-28T171524,6.0,35.815,-120.37,7.9,9,MNMC,35.9695,-120.434,1096391771,-22300.0,1600.0,-4400.0,large
0,2004-09-28T171524,6.0,35.815,-120.37,7.9,9,MNMC,35.9695,-120.434,1096391772,-24800.0,1800.0,-3700.0,large
0,2004-09-28T171524,6.0,35.815,-120.37,7.9,9,MNMC,35.9695,-120.434,1096391773,-23700.0,2400.0,-2700.0,large
0,2004-09-28T171524,6.0,35.815,-120.37,7.9,9,MNMC,35.9695,-120.434,1096391774,-24000.0,-400.0,-3100.0,large
0,2004-09-28T171524,6.0,35.815,-120.37,7.9,9,MNMC,35.9695,-120.434,1096391775,-23900.0,-2200.0,-3400.0,large
0,2004-09-28T171524,6.0,35.815,-120.37,7.9,9,MNMC,35.9695,-120.434,1096391776,-23800.0,-900.0,-2200.0,large
0,2004-09-28T171524,6.0,35.815,-120.37,7.9,9,MNMC,35.9695,-120.434,1096391777,-23800.0,-500.0,-5300.0,large
0,2004-09-28T171524,6.0,35.815,-120.37,7.9,9,MNMC,35.9695,-120.434,1096391778,-23600.0,699.0,-3100.0,large
0,2004-09-28T171524,6.0,35.815,-120.37,7.9,9,MNMC,35.9695,-120.434,1096391779,-24599.0,-3300.0,-3900.0,large
0,2004-09-28T171524,6.0,35.815,-120.37,7.9,9,MNMC,35.9695,-120.434,1096391780,-24000.0,-1600.0,-4700.0,large
0,2004-09-28T171524,6.0,35.815,-120.37,7.9,9,MNMC,35.9695,-120.434,1096391781,-22100.0,-1800.0,-10600.0,large
0,2004-09-28T171524,6.0,35.815,-120.37,7.9,9,MNMC,35.9695,-120.434,1096391782,-25200.0,-1100.0,-6900.0,large
0,2004-09-28T171524,6.0,35.815,-120.37,7.9,9,MNMC,35.9695,-120.434,1096391783,-26600.0,-1800.0,-7900.0,large
0,2004-09-28T171524,6.0,35.815,-120.37,7.9,10,POMM,35.9199,-120.4784,1096391724,26300.0,-3100.0,-10500.0,large
0,2004-09-28T171524,6.0,35.815,-120.37,7.9,10,POMM,35.9199,-120.4784,1096391725,27300.0,-1800.0,-9800.0,large
0,2004-09-28T171524,6.0,35.815,-120.37,7.9,10,POMM,35.9199,-120.4784,1096391726,24200.0,2500.0,-4600.0,large
0,2004-09-28T171524,6.0,35.815,-120.37,7.9,10,POMM,35.9199,-120.4784,1096391727,24900.0,21000.0,-8500.0,large
0,2004-09-28T171524,6.0,35.815,-120.37,7.9,10,POMM,35.9199,-120.4784,1096391728,80600.0,16899.0,-31600.0,large
0,2004-09-28T171524,6.0,35.815,-120.37,7.9,10,POMM,35.9199,-120.4784,1096391729,-40900.0,13500.0,12600.0,large
0,2004-09-28T171524,6.0,35.815,-120.37,7.9,10,POMM,35.9199,-120.4784,1096391730,-48800.0,-4700.0,14600.0,large
0,2004-09-28T171524,6.0,35.815,-120.37,7.9,10,POMM,35.9199,-120.4784,1096391731,29300.0,25000.0,-16400.0,large
0,2004-09-28T171524,6.0,35.815,-120.37,7.9,10,POMM,35.9199,-120.4784,1096391732,-16600.0,-31100.0,-26800.0,large
0,2004-09-28T171524,6.0,35.815,-120.37,7.9,10,POMM,35.9199,-120.4784,1096391733,6200.0,-2799.0,-26900.0,large
0,2004-09-28T171524,6.0,35.815,-120.37,7.9,10,POMM,35.9199,-120.4784,1096391734,-8700.0,-37400.0,-16400.0,large
0,2004-09-28T171524,6.0,35.815,-120.37,7.9,10,POMM,35.9199,-120.4784,1096391735,14300.0,4800.0,-21100.0,large
0,2004-09-28T171524,6.0,35.815,-120.37,7.9,10,POMM,35.9199,-120.4784,1096391736,-900.0,-13200.0,-18800.0,large
0,2004-09-28T171524,6.0,35.815,-120.37,7.9,10,POMM,35.9199,-120.4784,1096391737,-7000.0,1900.0,-9300.0,large
0,2004-09-28T171524,6.0,35.815,-120.37,7.9,10,POMM,35.9199,-120.4784,1096391738,10000.0,6900.0,-19900.0,large
0,2004-09-28T171524,6.0,35.815,-120.37,7.9,10,POMM,35.9199,-120.4784,1096391739,-1300.0,-13000.0,-11800.0,large
0,2004-09-28T171524,6.0,35.815,-120.37,7.9,10,POMM,35.9199,-120.4784,1096391740,2799.0,-9400.0,-9300.0,large
0,2004-09-28T171524,6.0,35.815,-120.37,7.9,10,POMM,35.9199,-120.4784,1096391741,17600.0,-3900.0,-10300.0,large
0,2004-09-28T171524,6.0,35.815,-120.37,7.9,10,POMM,35.9199,-120.4784,1096391742,-600.0,-7000.0,-1900.0,large
0,2004-09-28T171524,6.0,35.815,-120.37,7.9,10,POMM,35.9199,-120.4784,1096391743,8700.0,-2799.0,-20700.0,large
0,2004-09-28T171524,6.0,35.815,-120.37,7.9,10,POMM,35.9199,-120.4784,1096391744,-200.0,-5200.0,-10600.0,large
0,2004-09-28T171524,6.0,35.815,-120.37,7.9,10,POMM,35.9199,-120.4784,1096391745,-8700.0,-11199.0,-6800.0,large
0,2004-09-28T171524,6.0,35.815,-120.37,7.9,10,POMM,35.9199,-120.4784,1096391746,2000.0,-3300.0,-10000.0,large
0,2004-09-28T171524,6.0,35.815,-120.37,7.9,10,POMM,35.9199,-120.4784,1096391747,8600.0,-7700.0,-11199.0,large
0,2004-09-28T171524,6.0,35.815,-120.37,7.9,10,POMM,35.9199,-120.4784,1096391748,-1800.0,-3400.0,-8100.0,large
0,2004-09-28T171524,6.0,35.815,-120.37,7.9,10,POMM,35.9199,-120.4784,1096391749,6500.0,-1700.0,-5800.0,large
0,2004-09-28T171524,6.0,35.815,-120.37,7.9,10,POMM,35.9199,-120.4784,1096391750,400.0,-11300.0,-1900.0,large
0,2004-09-28T171524,6.0,35.815,-120.37,7.9,10,POMM,35.9199,-120.4784,1096391751,10000.0,1200.0,-400.0,large
0,2004-09-28T171524,6.0,35.815,-120.37,7.9,10,POMM,35.9199,-120.4784,1096391752,-4700.0,-4100.0,4900.0,large
0,2004-09-28T171524,6.0,35.815,-120.37,7.9,10,POMM,35.9199,-120.4784,1096391753,7700.0,-8400.0,-15700.0,large
0,2004-09-28T171524,6.0,35.815,-120.37,7.9,10,POMM,35.9199,-120.4784,1096391754,-6200.0,-2600.0,-2400.0,large
0,2004-09-28T171524,6.0,35.815,-120.37,7.9,10,POMM,35.9199,-120.4784,1096391755,10800.0,-3200.0,-10099.0,large
0,2004-09-28T171524,6.0,35.815,-120.37,7.9,10,POMM,35.9199,-120.4784,1096391756,-7000.0,-6300.0,-12400.0,large
0,2004-09-28T171524,6.0,35.815,-120.37,7.9,10,POMM,35.9199,-120.4784,1096391757,1000.0,-8700.0,-14200.0,large
0,2004-09-28T171524,6.0,35.815,-120.37,7.9,10,POMM,35.9199,-120.4784,1096391758,9900.0,-10500.0,-24700.0,large
0,2004-09-28T171524,6.0,35.815,-120.37,7.9,10,POMM,35.9199,-120.4784,1096391759,3000.0,-14700.0,-22100.0,large
0,2004-09-28T171524,6.0,35.815,-120.37,7.9,10,POMM,35.9199,-120.4784,1096391760,-1300.0,-12800.0,-29900.0,large
0,2004-09-28T171524,6.0,35.815,-120.37,7.9,10,POMM,35.9199,-120.4784,1096391761,2400.0,-6500.0,-32000.0,large
0,2004-09-28T171524,6.0,35.815,-120.37,7.9,10,POMM,35.9199,-120.4784,1096391762,-1900.0,-17700.0,-31200.0,large
0,2004-09-28T171524,6.0,35.815,-120.37,7.9,10,POMM,35.9199,-120.4784,1096391763,-1399.0,-12800.0,-34200.0,large
0,2004-09-28T171524,6.0,35.815,-120.37,7.9,10,POMM,35.9199,-120.4784,1096391764,1600.0,-15200.0,-33799.0,large
0,2004-09-28T171524,6.0,35.815,-120.37,7.9,10,POMM,35.9199,-120.4784,1096391765,-3500.0,-17300.0,-34700.0,large
0,2004-09-28T171524,6.0,35.815,-120.37,7.9,10,POMM,35.9199,-120.4784,1096391766,-4200.0,-18400.0,-36800.0,large
0,2004-09-28T171524,6.0,35.815,-120.37,7.9,10,POMM,35.9199,-120.4784,1096391767,-3200.0,-20000.0,-37300.0,large
0,2004-09-28T171524,6.0,35.815,-120.37,7.9,10,POMM,35.9199,-120.4784,1096391768,-2000.0,-25000.0,-39800.0,large
0,2004-09-28T171524,6.0,35.815,-120.37,7.9,10,POMM,35.9199,-120.4784,1096391769,-3300.0,-18700.0,-41400.0,large
0,2004-09-28T171524,6.0,35.815,-120.37,7.9,10,POMM,35.9199,-120.4784,1096391770,-100.0,-13300.0,-40700.0,large
0,2004-09-28T171524,6.0,35.815,-120.37,7.9,10,POMM,35.9199,-120.4784,1096391771,2100.0,-18900.0,-40000.0,large
0,2004-09-28T171524,6.0,35.815,-120.37,7.9,10,POMM,35.9199,-120.4784,1096391772,-5300.0,-14800.0,-34300.0,large
0,2004-09-28T171524,6.0,35.815,-120.37,7.9,10,POMM,35.9199,-120.4784,1096391773,-3800.0,-17000.0,-32600.0,large
0,2004-09-28T171524,6.0,35.815,-120.37,7.9,10,POMM,35.9199,-120.4784,1096391774,-1900.0,-15700.0,-32500.0,large
0,2004-09-28T171524,6.0,35.815,-120.37,7.9,10,POMM,35.9199,-120.4784,1096391775,-6200.0,-19600.0,-31600.0,large
0,2004-09-28T171524,6.0,35.815,-120.37,7.9,10,POMM,35.9199,-120.4784,1096391776,-10000.0,-18300.0,-32200.0,large
0,2004-09-28T171524,6.0,35.815,-120.37,7.9,10,POMM,35.9199,-120.4784,1096391777,-3500.0,-18500.0,-30700.0,large
0,2004-09-28T171524,6.0,35.815,-120.37,7.9,10,POMM,35.9199,-120.4784,1096391778,-8200.0,-18900.0,-29000.0,large
0,2004-09-28T171524,6.0,35.815,-120.37,7.9,10,POMM,35.9199,-120.4784,1096391779,-10300.0,-22600.0,-25500.0,large
0,2004-09-28T171524,6.0,35.815,-120.37,7.9,10,POMM,35.9199,-120.4784,1096391780,-6800.0,-21200.0,-24800.0,large
0,2004-09-28T171524,6.0,35.815,-120.37,7.9,10,POMM,35.9199,-120.4784,1096391781,-7700.0,-22500.0,-26100.0,large
0,2004-09-28T171524,6.0,35.815,-120.37,7.9,10,POMM,35.9199,-120.4784,1096391782,-4900.0,-16600.0,-26800.0,large
0,2004-09-28T171524,6.0,35.815,-120.37,7.9,10,POMM,35.9199,-120.4784,1096391783,-3900.0,-16000.0,-33799.0,large
0,2004-09-28T171524,6.0,35.815,-120.37,7.9,11,RNCH,35.9,-120.5248,1096391724,4300.0,-35600.0,-11400.0,large
0,2004-09-28T171524,6.0,35.815,-120.37,7.9,11,RNCH,35.9,-120.5248,1096391725,5300.0,-34300.0,-7800.0,large
0,2004-09-28T171524,6.0,35.815,-120.37,7.9,11,RNCH,35.9,-120.5248,1096391726,2000.0,-30400.0,-1800.0,large
0,2004-09-28T171524,6.0,35.815,-120.37,7.9,11,RNCH,35.9,-120.5248,1096391727,-10400.0,-17300.0,-800.0,large
0,2004-09-28T171524,6.0,35.815,-120.37,7.9,11,RNCH,35.9,-120.5248,1096391728,-28600.0,-3000.0,12900.0,large
0,2004-09-28T171524,6.0,35.815,-120.37,7.9,11,RNCH,35.9,-120.5248,1096391729,-39100.0,-57600.0,5100.0,large
0,2004-09-28T171524,6.0,35.815,-120.37,7.9,11,RNCH,35.9,-120.5248,1096391730,-28700.0,-8300.0,-14300.0,large
0,2004-09-28T171524,6.0,35.815,-120.37,7.9,11,RNCH,35.9,-120.5248,1096391731,-12200.0,-17900.0,4499.0,large
0,2004-09-28T171524,6.0,35.815,-120.37,7.9,11,RNCH,35.9,-120.5248,1096391732,-8500.0,-22399.0,-5900.0,large
0,2004-09-28T171524,6.0,35.815,-120.37,7.9,11,RNCH,35.9,-120.5248,1096391733,-31600.0,-37300.0,-3000.0,large
0,2004-09-28T171524,6.0,35.815,-120.37,7.9,11,RNCH,35.9,-120.5248,1096391734,-34000.0,-5700.0,-15500.0,large
0,2004-09-28T171524,6.0,35.815,-120.37,7.9,11,RNCH,35.9,-120.5248,1096391735,-800.0,-22300.0,5700.0,large
0,2004-09-28T171524,6.0,35.815,-120.37,7.9,11,RNCH,35.9,-120.5248,1096391736,-18200.0,-24500.0,-17100.0,large
0,2004-09-28T171524,6.0,35.815,-120.37,7.9,11,RNCH,35.9,-120.5248,1096391737,-14100.0,12200.0,-16100.0,large
0,2004-09-28T171524,6.0,35.815,-120.37,7.9,11,RNCH,35.9,-120.5248,1096391738,-19200.0,-14600.0,7100.0,large
0,2004-09-28T171524,6.0,35.815,-120.37,7.9,11,RNCH,35.9,-120.5248,1096391739,-10300.0,-35900.0,-6900.0,large
0,2004-09-28T171524,6.0,35.815,-120.37,7.9,11,RNCH,35.9,-120.5248,1096391740,-21500.0,-25400.0,-21200.0,large
0,2004-09-28T171524,6.0,35.815,-120.37,7.9,11,RNCH,35.9,-120.5248,1096391741,-5599.0,-17000.0,-11800.0,large
0,2004-09-28T171524,6.0,35.815,-120.37,7.9,11,RNCH,35.9,-120.5248,1096391742,-6800.0,-29000.0,-200.0,large
0,2004-09-28T171524,6.0,35.815,-120.37,7.9,11,RNCH,35.9,-120.5248,1096391743,-15900.0,-30600.0,-8100.0,large
0,2004-09-28T171524,6.0,35.815,-120.37,7.9,11,RNCH,35.9,-120.5248,1096391744,-10300.0,-28500.0,-7500.0,large
0,2004-09-28T171524,6.0,35.815,-120.37,7.9,11,RNCH,35.9,-120.5248,1096391745,-31500.0,-34899.0,-31700.0,large
0,2004-09-28T171524,6.0,35.815,-120.37,7.9,11,RNCH,35.9,-120.5248,1096391746,-17900.0,-36100.0,-36100.0,large
0,2004-09-28T171524,6.0,35.815,-120.37,7.9,11,RNCH,35.9,-120.5248,1096391747,-26500.0,-34100.0,-34700.0,large
0,2004-09-28T171524,6.0,35.815,-120.37,7.9,11,RNCH,35.9,-120.5248,1096391748,-24800.0,-29500.0,-35600.0,large
0,2004-09-28T171524,6.0,35.815,-120.37,7.9,11,RNCH,35.9,-120.5248,1096391749,-17100.0,-31500.0,-30000.0,large
0,2004-09-28T171524,6.0,35.815,-120.37,7.9,11,RNCH,35.9,-120.5248,1096391750,-19700.0,-29800.0,-32300.0,large
0,2004-09-28T171524,6.0,35.815,-120.37,7.9,11,RNCH,35.9,-120.5248,1096391751,-24700.0,-24599.0,-32900.0,large
0,2004-09-28T171524,6.0,35.815,-120.37,7.9,11,RNCH,35.9,-120.5248,1096391752,-28000.0,-30100.0,-33799.0,large
0,2004-09-28T171524,6.0,35.815,-120.37,7.9,11,RNCH,35.9,-120.5248,1096391753,-17500.0,-32500.0,-29300.0,large
0,2004-09-28T171524,6.0,35.815,-120.37,7.9,11,RNCH,35.9,-120.5248,1096391754,-23300.0,-27600.0,-32000.0,large
0,2004-09-28T171524,6.0,35.815,-120.37,7.9,11,RNCH,35.9,-120.5248,1096391755,-28000.0,-25500.0,-28000.0,large
0,2004-09-28T171524,6.0,35.815,-120.37,7.9,11,RNCH,35.9,-120.5248,1096391756,-20700.0,-36400.0,-27100.0,large
0,2004-09-28T171524,6.0,35.815,-120.37,7.9,11,RNCH,35.9,-120.5248,1096391757,-22200.0,-27200.0,-30300.0,large
0,2004-09-28T171524,6.0,35.815,-120.37,7.9,11,RNCH,35.9,-120.5248,1096391758,-18300.0,-32500.0,-25700.0,large
0,2004-09-28T171524,6.0,35.815,-120.37,7.9,11,RNCH,35.9,-120.5248,1096391759,-25700.0,-31000.0,-25100.0,large
0,2004-09-28T171524,6.0,35.815,-120.37,7.9,11,RNCH,35.9,-120.5248,1096391760,-18300.0,-30800.0,-29800.0,large
0,2004-09-28T171524,6.0,35.815,-120.37,7.9,11,RNCH,35.9,-120.5248,1096391761,-20900.0,-28900.0,-27500.0,large
0,2004-09-28T171524,6.0,35.815,-120.37,7.9,11,RNCH,35.9,-120.5248,1096391762,-19700.0,-24400.0,-28400.0,large
0,2004-09-28T171524,6.0,35.815,-120.37,7.9,11,RNCH,35.9,-120.5248,1096391763,-20000.0,-27300.0,-28600.0,large
0,2004-09-28T171524,6.0,35.815,-120.37,7.9,11,RNCH,35.9,-120.5248,1096391764,-20700.0,-23300.0,-26200.0,large
0,2004-09-28T171524,6.0,35.815,-120.37,7.9,11,RNCH,35.9,-120.5248,1096391765,-20600.0,-27300.0,-26000.0,large
0,2004-09-28T171524,6.0,35.815,-120.37,7.9,11,RNCH,35.9,-120.5248,1096391766,-20300.0,-23800.0,-28000.0,large
0,2004-09-28T171524,6.0,35.815,-120.37,7.9,11,RNCH,35.9,-120.5248,1096391767,-21700.0,-22500.0,-27900.0,large
0,2004-09-28T171524,6.0,35.815,-120.37,7.9,11,RNCH,35.9,-120.5248,1096391768,-21200.0,-27400.0,-25400.0,large
0,2004-09-28T171524,6.0,35.815,-120.37,7.9,11,RNCH,35.9,-120.5248,1096391769,-20500.0,-26000.0,-24599.0,large
0,2004-09-28T171524,6.0,35.815,-120.37,7.9,11,RNCH,35.9,-120.5248,1096391770,-19900.0,-25600.0,-23100.0,large
0,2004-09-28T171524,6.0,35.815,-120.37,7.9,11,RNCH,35.9,-120.5248,1096391771,-22600.0,-26100.0,-22800.0,large
0,2004-09-28T171524,6.0,35.815,-120.37,7.9,11,RNCH,35.9,-120.5248,1096391772,-21400.0,-22800.0,-24700.0,large
0,2004-09-28T171524,6.0,35.815,-120.37,7.9,11,RNCH,35.9,-120.5248,1096391773,-23000.0,-24300.0,-24400.0,large
0,2004-09-28T171524,6.0,35.815,-120.37,7.9,11,RNCH,35.9,-120.5248,1096391774,-23600.0,-20500.0,-26600.0,large
0,2004-09-28T171524,6.0,35.815,-120.37,7.9,11,RNCH,35.9,-120.5248,1096391775,-21500.0,-24000.0,-26000.0,large
0,2004-09-28T171524,6.0,35.815,-120.37,7.9,11,RNCH,35.9,-120.5248,1096391776,-22000.0,-18600.0,-26500.0,large
0,2004-09-28T171524,6.0,35.815,-120.37,7.9,11,RNCH,35.9,-120.5248,1096391777,-21400.0,-21100.0,-25400.0,large
0,2004-09-28T171524,6.0,35.815,-120.37,7.9,11,RNCH,35.9,-120.5248,1096391778,-19500.0,-20500.0,-25800.0,large
0,2004-09-28T171524,6.0,35.815,-120.37,7.9,11,RNCH,35.9,-120.5248,1096391779,-16500.0,-19800.0,-25100.0,large
0,2004-09-28T171524,6.0,35.815,-120.37,7.9,11,RNCH,35.9,-120.5248,1096391780,-21200.0,-17800.0,-25200.0,large
0,2004-09-28T171524,6.0,35.815,-120.37,7.9,11,RNCH,35.9,-120.5248,1096391781,-20000.0,-18500.0,-24200.0,large
0,2004-09-28T171524,6.0,35.815,-120.37,7.9,11,RNCH,35.9,-120.5248,1096391782,-19000.0,-17500.0,-22200.0,large
0,2004-09-28T171524,6.0,35.815,-120.37,7.9,11,RNCH,35.9,-120.5248,1096391783,-20500.0,-16400.0,-22200.0,large
0,2004-09-28T171524,6.0,35.815,-120.37,7.9,12,TBLP,35.9174,-120.3603,1096391724,-29400.0,2900.0,-22900.0,large
0,2004-09-28T171524,6.0,35.815,-120.37,7.9,12,TBLP,35.9174,-120.3603,1096391725,-30900.0,300.0,-20800.0,large
0,2004-09-28T171524,6.0,35.815,-120.37,7.9,12,TBLP,35.9174,-120.3603,1096391726,-29800.0,-600.0,-23800.0,large
0,2004-09-28T171524,6.0,35.815,-120.37,7.9,12,TBLP,35.9174,-120.3603,1096391727,-32699.0,-11800.0,-32300.0,large
0,2004-09-28T171524,6.0,35.815,-120.37,7.9,12,TBLP,35.9174,-120.3603,1096391728,-41400.0,-16100.0,-26400.0,large
0,2004-09-28T171524,6.0,35.815,-120.37,7.9,12,TBLP,35.9174,-120.3603,1096391729,-32600.0,-23000.0,-14500.0,large
0,2004-09-28T171524,6.0,35.815,-120.37,7.9,12,TBLP,35.9174,-120.3603,1096391730,-8200.0,-11500.0,1200.0,large
0,2004-09-28T171524,6.0,35.815,-120.37,7.9,12,TBLP,35.9174,-120.3603,1096391731,-3600.0,-24700.0,-3300.0,large
0,2004-09-28T171524,6.0,35.815,-120.37,7.9,12,TBLP,35.9174,-120.3603,1096391732,-1500.0,-16800.0,-13800.0,large
0,2004-09-28T171524,6.0,35.815,-120.37,7.9,12,TBLP,35.9174,-120.3603,1096391733,12100.0,-8800.0,-11900.0,large
0,2004-09-28T171524,6.0,35.815,-120.37,7.9,12,TBLP,35.9174,-120.3603,1096391734,-1300.0,-20800.0,-8600.0,large
0,2004-09-28T171524,6.0,35.815,-120.37,7.9,12,TBLP,35.9174,-120.3603,1096391735,-2100.0,-13900.0,-1600.0,large
0,2004-09-28T171524,6.0,35.815,-120.37,7.9,12,TBLP,35.9174,-120.3603,1096391736,-7900.0,-5599.0,-7800.0,large
0,2004-09-28T171524,6.0,35.815,-120.37,7.9,12,TBLP,35.9174,-120.3603,1096391737,-14400.0,2000.0,-2400.0,large
0,2004-09-28T171524,6.0,35.815,-120.37,7.9,12,TBLP,35.9174,-120.3603,1096391738,-13700.0,-15800.0,-4200.0,large
0,2004-09-28T171524,6.0,35.815,-120.37,7.9,12,TBLP,35.9174,-120.3603,1096391739,-7000.0,-4000.0,0.0,large
0,2004-09-28T171524,6.0,35.815,-120.37,7.9,12,TBLP,35.9174,-120.3603,1096391740,-6100.0,-11700.0,-4200.0,large
0,2004-09-28T171524,6.0,35.815,-120.37,7.9,12,TBLP,35.9174,-120.3603,1096391741,-9600.0,-13400.0,-2900.0,large
0,2004-09-28T171524,6.0,35.815,-120.37,7.9,12,TBLP,35.9174,-120.3603,1096391742,-4800.0,-10099.0,-3700.0,large
0,2004-09-28T171524,6.0,35.815,-120.37,7.9,12,TBLP,35.9174,-120.3603,1096391743,-2900.0,-9400.0,-1500.0,large
0,2004-09-28T171524,6.0,35.815,-120.37,7.9,12,TBLP,35.9174,-120.3603,1096391744,-4200.0,-12200.0,-2400.0,large
0,2004-09-28T171524,6.0,35.815,-120.37,7.9,12,TBLP,35.9174,-120.3603,1096391745,-5900.0,-9900.0,-4600.0,large
0,2004-09-28T171524,6.0,35.815,-120.37,7.9,12,TBLP,35.9174,-120.3603,1096391746,-4200.0,-13700.0,-3300.0,large
0,2004-09-28T171524,6.0,35.815,-120.37,7.9,12,TBLP,35.9174,-120.3603,1096391747,-8200.0,-17700.0,-5400.0,large
0,2004-09-28T171524,6.0,35.815,-120.37,7.9,12,TBLP,35.9174,-120.3603,1096391748,-7300.0,-7700.0,-3400.0,large
0,2004-09-28T171524,6.0,35.815,-120.37,7.9,12,TBLP,35.9174,-120.3603,1096391749,-11000.0,-13100.0,-4000.0,large
0,2004-09-28T171524,6.0,35.815,-120.37,7.9,12,TBLP,35.9174,-120.3603,1096391750,-7700.0,-10900.0,-6300.0,large
0,2004-09-28T171524,6.0,35.815,-120.37,7.9,12,TBLP,35.9174,-120.3603,1096391751,-8999.0,-14800.0,-7200.0,large
0,2004-09-28T171524,6.0,35.815,-120.37,7.9,12,TBLP,35.9174,-120.3603,1096391752,-6500.0,-13200.0,-5400.0,large
0,2004-09-28T171524,6.0,35.815,-120.37,7.9,12,TBLP,35.9174,-120.3603,1096391753,-4000.0,-10400.0,-5500.0,large
0,2004-09-28T171524,6.0,35.815,-120.37,7.9,12,TBLP,35.9174,-120.3603,1096391754,-12700.0,-15600.0,-10000.0,large
0,2004-09-28T171524,6.0,35.815,-120.37,7.9,12,TBLP,35.9174,-120.3603,1096391755,-4400.0,-10700.0,-4000.0,large
0,2004-09-28T171524,6.0,35.815,-120.37,7.9,12,TBLP,35.9174,-120.3603,1096391756,-6400.0,-15500.0,-7600.0,large
0,2004-09-28T171524,6.0,35.815,-120.37,7.9,12,TBLP,35.9174,-120.3603,1096391757,-8300.0,-12600.0,-1900.0,large
0,2004-09-28T171524,6.0,35.815,-120.37,7.9,12,TBLP,35.9174,-120.3603,1096391758,-7600.0,-14100.0,-1399.0,large
0,2004-09-28T171524,6.0,35.815,-120.37,7.9,12,TBLP,35.9174,-120.3603,1096391759,-6900.0,-16200.0,2400.0,large
0,2004-09-28T171524,6.0,35.815,-120.37,7.9,12,TBLP,35.9174,-120.3603,1096391760,-10200.0,-13000.0,-699.0,large
0,2004-09-28T171524,6.0,35.815,-120.37,7.9,12,TBLP,35.9174,-120.3603,1096391761,-4800.0,-15600.0,-400.0,large
0,2004-09-28T171524,6.0,35.815,-120.37,7.9,12,TBLP,35.9174,-120.3603,1096391762,-7700.0,-11100.0,-2900.0,large
0,2004-09-28T171524,6.0,35.815,-120.37,7.9,12,TBLP,35.9174,-120.3603,1096391763,-8300.0,-14300.0,-300.0,large
0,2004-09-28T171524,6.0,35.815,-120.37,7.9,12,TBLP,35.9174,-120.3603,1096391764,-4499.0,-14800.0,-699.0,large
0,2004-09-28T171524,6.0,35.815,-120.37,7.9,12,TBLP,35.9174,-120.3603,1096391765,-6400.0,-10099.0,-2100.0,large
0,2004-09-28T171524,6.0,35.815,-120.37,7.9,12,TBLP,35.9174,-120.3603,1096391766,-4700.0,-10400.0,-1100.0,large
0,2004-09-28T171524,6.0,35.815,-120.37,7.9,12,TBLP,35.9174,-120.3603,1096391767,-8800.0,-10800.0,-1200.0,large
0,2004-09-28T171524,6.0,35.815,-120.37,7.9,12,TBLP,35.9174,-120.3603,1096391768,-6000.0,-699.0,19300.0,large
0,2004-09-28T171524,6.0,35.815,-120.37,7.9,12,TBLP,35.9174,-120.3603,1096391769,-4300.0,5400.0,21000.0,large
0,2004-09-28T171524,6.0,35.815,-120.37,7.9,12,TBLP,35.9174,-120.3603,1096391770,-5900.0,200.0,20199.0,large
0,2004-09-28T171524,6.0,35.815,-120.37,7.9,12,TBLP,35.9174,-120.3603,1096391771,-3500.0,4300.0,21900.0,large
0,2004-09-28T171524,6.0,35.815,-120.37,7.9,12,TBLP,35.9174,-120.3603,1096391772,-5700.0,2600.0,24500.0,large
0,2004-09-28T171524,6.0,35.815,-120.37,7.9,12,TBLP,35.9174,-120.3603,1096391773,-3800.0,4400.0,21900.0,large
0,2004-09-28T171524,6.0,35.815,-120.37,7.9,12,TBLP,35.9174,-120.3603,1096391774,-2900.0,4900.0,20900.0,large
0,2004-09-28T171524,6.0,35.815,-120.37,7.9,12,TBLP,35.9174,-120.3603,1096391775,-3400.0,6400.0,23900.0,large
0,2004-09-28T171524,6.0,35.815,-120.37,7.9,12,TBLP,35.9174,-120.3603,1096391776,-4800.0,3000.0,20600.0,large
0,2004-09-28T171524,6.0,35.815,-120.37,7.9,12,TBLP,35.9174,-120.3603,1096391777,-6300.0,5700.0,23800.0,large
0,2004-09-28T171524,6.0,35.815,-120.37,7.9,12,TBLP,35.9174,-120.3603,1096391778,-5700.0,5700.0,22100.0,large
0,2004-09-28T171524,6.0,35.815,-120.37,7.9,12,TBLP,35.9174,-120.3603,1096391779,-5700.0,5100.0,24400.0,large
0,2004-09-28T171524,6.0,35.815,-120.37,7.9,12,TBLP,35.9174,-120.3603,1096391780,-3800.0,7200.0,24300.0,large
0,2004-09-28T171524,6.0,35.815,-120.37,7.9,12,TBLP,35.9174,-120.3603,1096391781,-3900.0,6800.0,22100.0,large
0,2004-09-28T171524,6.0,35.815,-120.37,7.9,12,TBLP,35.9174,-120.3603,1096391782,-3200.0,7200.0,24100.0,large
0,2004-09-28T171524,6.0,35.815,-120.37,7.9,12,TBLP,35.9174,-120.3603,1096391783,-6600.0,9800.0,20500.0,large